web_scraper_order,web_scraper_start_url,pagination,data,data2,data3,data4,data5,data6,data7,data8,data9,image,image2,image3,image4,image5,image6,image7
"1786131472-1","https://www.dm.de/pflege-und-parfum/gesichtspflege/serum-und-kur","","Serum Niacinamide, 30 ml","4,95 €","Marke: Balea; Produktname: Serum Niacinamide, 30 ml; Preis: 4,95 €; Grundpreis: 0,03 l (165,00 € je 1 l); Marke von dm Grafik; Verfügbarkeit: Status grün Lieferbar, Status grau dm-Markt wählen","0,03 l (165,00 € je 1 l)","Balea","(452)","Lieferbar","dm-Markt wählen","","https://products.dm-static.com/images/f_auto,q_auto,c_fit,h_320,w_320/v1779320767/assets/pas/images/b8d53735-f1a8-4ecb-83d9-ae4bc679c7ef/balea-serum-niacinamide","https://products.dm-static.com/images/f_auto,q_auto,c_fit,w_150/v1782977607/assets/mp/highlight-graphics/media_highlight_graphic_dm_brand_de_de/media_highlight_graphic_dm_brand_de_de","https://assets.dm.de/om/review-ui/assets/stars/StarEmpty2026.svg","https://assets.dm.de/om/review-ui/assets/stars/StarFilled2026.svg","https://assets.dm.de/om/review-ui/assets/stars/StarFilled2026.svg","https://assets.dm.de/om/review-ui/assets/stars/StarFilled2026.svg",""
"1786131472-2","https://www.dm.de/pflege-und-parfum/gesichtspflege/serum-und-kur","","Ampullen Beauty Hyaluron Lifting-Kur (7x1 ml), 7 ml","4,95 €","Marke: Balea; Produktname: Ampullen Beauty Hyaluron Lifting-Kur (7x1 ml), 7 ml; Preis: 4,95 €; Grundpreis: 0,007 l (707,14 € je 1 l); Marke von dm Grafik; Verfügbarkeit: Status grün Lieferbar, Status grau dm-Markt wählen","0,007 l (707,14 € je 1 l)","Balea","(94)","Lieferbar","dm-Markt wählen","","https://products.dm-static.com/images/f_auto,q_auto,c_fit,h_320,w_320/v1775779647/assets/pas/images/bde3b458-6ff8-4bb4-90b3-3ff9a77a2410/balea-ampullen-beauty-hyaluron-lifting-kur-7x1-ml","https://products.dm-static.com/images/f_auto,q_auto,c_fit,w_150/v1782977607/assets/mp/highlight-graphics/media_highlight_graphic_dm_brand_de_de/media_highlight_graphic_dm_brand_de_de","https://assets.dm.de/om/review-ui/assets/stars/StarEmpty2026.svg","https://assets.dm.de/om/review-ui/assets/stars/StarFilled2026.svg","https://assets.dm.de/om/review-ui/assets/stars/StarFilled2026.svg","https://assets.dm.de/om/review-ui/assets/stars/StarFilled2026.svg",""
"1786131472-3","https://www.dm.de/pflege-und-parfum/gesichtspflege/serum-und-kur","","Gesichtsserum Vitamin C, 30 ml","4,95 €","Marke: Balea; Produktname: Gesichtsserum Vitamin C, 30 ml; Preis: 4,95 €; Grundpreis: 0,03 l (165,00 € je 1 l); Marke von dm Grafik; Verfügbarkeit: Status grün Lieferbar, Status grau dm-Markt wählen","0,03 l (165,00 € je 1 l)","Balea","(380)","Lieferbar","dm-Markt wählen","","https://products.dm-static.com/images/f_auto,q_auto,c_fit,h_320,w_320/v1777420804/assets/pas/images/5d6ec125-3d7f-477b-8634-6844276a6eec/balea-gesichtsserum-vitamin-c","https://products.dm-static.com/images/f_auto,q_auto,c_fit,w_150/v1782977607/assets/mp/highlight-graphics/media_highlight_graphic_dm_brand_de_de/media_highlight_graphic_dm_brand_de_de","https://assets.dm.de/om/review-ui/assets/stars/StarEmpty2026.svg","https://assets.dm.de/om/review-ui/assets/stars/StarFilled2026.svg","https://assets.dm.de/om/review-ui/assets/stars/StarFilled2026.svg","https://assets.dm.de/om/review-ui/assets/stars/StarFilled2026.svg",""
"1786131472-4","https://www.dm.de/pflege-und-parfum/gesichtspflege/serum-und-kur","","Serum Beauty Expert Azelain Booster, 30 ml","5,95 €","Marke: Balea; Produktname: Serum Beauty Expert Azelain Booster, 30 ml; Preis: 5,95 €; Grundpreis: 0,03 l (198,33 € je 1 l); Marke von dm Grafik; Verfügbarkeit: Status grün Lieferbar, Status grau dm-Markt wählen","0,03 l (198,33 € je 1 l)","Balea","(253)","Lieferbar","dm-Markt wählen","Hinweise","https://products.dm-static.com/images/f_auto,q_auto,c_fit,h_320,w_320/v1774594477/assets/pas/images/8a1f336c-03b0-4d55-b5d9-ca5006275c9e/balea-serum-beauty-expert-azelain-booster","https://products.dm-static.com/images/f_auto,q_auto,c_fit,w_150/v1782977607/assets/mp/highlight-graphics/media_highlight_graphic_dm_brand_de_de/media_highlight_graphic_dm_brand_de_de","https://assets.dm.de/om/review-ui/assets/stars/StarEmpty2026.svg","https://assets.dm.de/om/review-ui/assets/stars/StarFilled2026.svg","https://assets.dm.de/om/review-ui/assets/stars/StarFilled2026.svg","https://assets.dm.de/om/review-ui/assets/stars/StarFilled2026.svg",""
"1786131472-5","https://www.dm.de/pflege-und-parfum/gesichtspflege/serum-und-kur","","Serum Pure Glycerine, 50 ml","13,95 €","Marke: Transparent Lab; Produktname: Serum Pure Glycerine, 50 ml; Preis: 13,95 €; Grundpreis: 0,05 l (279,00 € je 1 l); Verfügbarkeit: Status grün Lieferbar, Status grau dm-Markt wählen","0,05 l (279,00 € je 1 l)","Transparent Lab","(84)","Lieferbar","dm-Markt wählen","","https://products.dm-static.com/images/f_auto,q_auto,c_fit,h_320,w_320/v1747525037/assets/pas/images/4f81690a-6099-4bb1-9aef-dc13b1dfd681/transparent-lab-serum-pure-glycerine","","","https://assets.dm.de/om/review-ui/assets/stars/StarFilled2026.svg","https://assets.dm.de/om/review-ui/assets/stars/StarFilled2026.svg","https://assets.dm.de/om/review-ui/assets/stars/StarFilled2026.svg",""
"1786131472-6","https://www.dm.de/pflege-und-parfum/gesichtspflege/serum-und-kur","","Gesichtsserum Collagen Retinol, 30 ml","4,95 €","Marke: Balea; Produktname: Gesichtsserum Collagen Retinol, 30 ml; Preis: 4,95 €; Grundpreis: 0,03 l (165,00 € je 1 l); Marke von dm Grafik; Verfügbarkeit: Status grün Lieferbar, Status grau dm-Markt wählen","0,03 l (165,00 € je 1 l)","Balea","(230)","Lieferbar","dm-Markt wählen","","https://products.dm-static.com/images/f_auto,q_auto,c_fit,h_320,w_320/v1785537564/assets/pas/images/0ae029b9-f0a2-4bc8-af5f-a7af7be0165f/balea-gesichtsserum-collagen-retinol","https://products.dm-static.com/images/f_auto,q_auto,c_fit,w_150/v1782977607/assets/mp/highlight-graphics/media_highlight_graphic_dm_brand_de_de/media_highlight_graphic_dm_brand_de_de","https://assets.dm.de/om/review-ui/assets/stars/StarEmpty2026.svg","https://assets.dm.de/om/review-ui/assets/stars/StarFilled2026.svg","https://assets.dm.de/om/review-ui/assets/stars/StarFilled2026.svg","https://assets.dm.de/om/review-ui/assets/stars/StarFilled2026.svg",""
"1786131472-7","https://www.dm.de/pflege-und-parfum/gesichtspflege/serum-und-kur","","Gesichtsserum 101 A-Game-10 0.1% Retinal, 30 ml","18,35 €","Marke: Geek&Gorgeous; Produktname: Gesichtsserum 101 A-Game-10 0.1% Retinal, 30 ml; Preis: 18,35 €; Grundpreis: 0,03 l (611,67 € je 1 l); Verfügbarkeit: Status grün Lieferbar, Status grau dm-Markt wählen","0,03 l (611,67 € je 1 l)","Geek&Gorgeous","(76)","Lieferbar","dm-Markt wählen","","https://products.dm-static.com/images/f_auto,q_auto,c_fit,h_320,w_320/v1747507907/assets/pas/images/4edef67e-318c-4c41-bf6f-1401595b1231/geek-und-gorgeous-gesichtsserum-101-a-game-10-0-1-prozent-retinal","","","https://assets.dm.de/om/review-ui/assets/stars/StarFilled2026.svg","https://assets.dm.de/om/review-ui/assets/stars/StarFilled2026.svg","https://assets.dm.de/om/review-ui/assets/stars/StarFilled2026.svg",""
"1786131472-8","https://www.dm.de/pflege-und-parfum/gesichtspflege/serum-und-kur","","Serum 120h Hydration & Niacinamide, 20 ml","14,95 €","Marke: NØ cosmetics; Produktname: Serum 120h Hydration & Niacinamide, 20 ml; Preis: 14,95 €; Grundpreis: 0,02 l (747,50 € je 1 l); Verfügbarkeit: Status grün Lieferbar, Status grau dm-Markt wählen","0,02 l (747,50 € je 1 l)","NØ cosmetics","(388)","Lieferbar","dm-Markt wählen","","https://products.dm-static.com/images/f_auto,q_auto,c_fit,h_320,w_320/v1747493366/assets/pas/images/a0b02fba-0a60-4c94-9187-41b45d32c0a2/no-cosmetics-serum-120h-hydration-und-niacinamide","","","https://assets.dm.de/om/review-ui/assets/stars/StarFilled2026.svg","https://assets.dm.de/om/review-ui/assets/stars/StarFilled2026.svg","https://assets.dm.de/om/review-ui/assets/stars/StarFilled2026.svg",""
"1786131472-9","https://www.dm.de/pflege-und-parfum/gesichtspflege/serum-und-kur","","Serum Beauty Expert Glycerin, 30 ml","5,95 €","Marke: Balea; Produktname: Serum Beauty Expert Glycerin, 30 ml; Preis: 5,95 €; Grundpreis: 0,03 l (198,33 € je 1 l); Marke von dm Grafik; Verfügbarkeit: Status grün Lieferbar, Status grau dm-Markt wählen","0,03 l (198,33 € je 1 l)","Balea","(66)","Lieferbar","dm-Markt wählen","","https://products.dm-static.com/images/f_auto,q_auto,c_fit,h_320,w_320/v1765925726/assets/pas/images/84ec56bb-4c61-40f7-bac0-8092109996aa/balea-serum-beauty-expert-glycerin","https://products.dm-static.com/images/f_auto,q_auto,c_fit,w_150/v1782977607/assets/mp/highlight-graphics/media_highlight_graphic_dm_brand_de_de/media_highlight_graphic_dm_brand_de_de","","https://assets.dm.de/om/review-ui/assets/stars/StarFilled2026.svg","https://assets.dm.de/om/review-ui/assets/stars/StarFilled2026.svg","https://assets.dm.de/om/review-ui/assets/stars/StarFilled2026.svg",""
"1786131472-10","https://www.dm.de/pflege-und-parfum/gesichtspflege/serum-und-kur","","Gesichtsserum Beauty Hyaluron 7-fach, 30 ml","4,95 €","Marke: Balea; Produktname: Gesichtsserum Beauty Hyaluron 7-fach, 30 ml; Preis: 4,95 €; Grundpreis: 0,03 l (165,00 € je 1 l); Marke von dm Grafik; Verfügbarkeit: Status grün Lieferbar, Status grau dm-Markt wählen","0,03 l (165,00 € je 1 l)","Balea","(415)","Lieferbar","dm-Markt wählen","","https://products.dm-static.com/images/f_auto,q_auto,c_fit,h_320,w_320/v1776379854/assets/pas/images/62455c42-8f68-4231-bec1-77d813e18614/balea-gesichtsserum-beauty-hyaluron-7-fach","https://products.dm-static.com/images/f_auto,q_auto,c_fit,w_150/v1782977607/assets/mp/highlight-graphics/media_highlight_graphic_dm_brand_de_de/media_highlight_graphic_dm_brand_de_de","https://assets.dm.de/om/review-ui/assets/stars/StarEmpty2026.svg","https://assets.dm.de/om/review-ui/assets/stars/StarFilled2026.svg","https://assets.dm.de/om/review-ui/assets/stars/StarFilled2026.svg","https://assets.dm.de/om/review-ui/assets/stars/StarFilled2026.svg",""
"1786131472-11","https://www.dm.de/pflege-und-parfum/gesichtspflege/serum-und-kur","","Fluid Hydro Boost Hydrating LSF 50, 50 ml","12,75 €","Marke: Neutrogena; Produktname: Fluid Hydro Boost Hydrating LSF 50, 50 ml; Preis: 12,75 €; Grundpreis: 0,05 l (255,00 € je 1 l); Verfügbarkeit: Status grün Lieferbar, Status grau dm-Markt wählen","0,05 l (255,00 € je 1 l)","Neutrogena","(240)","Lieferbar","dm-Markt wählen","Hinweise","https://products.dm-static.com/images/f_auto,q_auto,c_fit,h_320,w_320/v1781299284/assets/pas/images/21b97b57-e273-4c25-a9ea-a1fe5e4e6f02/neutrogena-fluid-hydro-boost-hydrating-lsf-50","","","https://assets.dm.de/om/review-ui/assets/stars/StarFilled2026.svg","https://assets.dm.de/om/review-ui/assets/stars/StarFilled2026.svg","https://assets.dm.de/om/review-ui/assets/stars/StarFilled2026.svg",""
"1786131472-12","https://www.dm.de/pflege-und-parfum/gesichtspflege/serum-und-kur","","Gesichtsserum 101 A-Game-5 0,05% Retinal, 30 ml","12,85 €","Marke: Geek&Gorgeous; Produktname: Gesichtsserum 101 A-Game-5 0,05% Retinal, 30 ml; Preis: 12,85 €; Grundpreis: 0,03 l (428,33 € je 1 l); Verfügbarkeit: Status grün Lieferbar, Status grau dm-Markt wählen","0,03 l (428,33 € je 1 l)","Geek&Gorgeous","(146)","Lieferbar","dm-Markt wählen","","https://products.dm-static.com/images/f_auto,q_auto,c_fit,h_320,w_320/v1747507942/assets/pas/images/ce886d09-cbb3-45e1-b665-18af2b88c010/geek-und-gorgeous-gesichtsserum-101-a-game-5-0-05-prozent-retinal","","","https://assets.dm.de/om/review-ui/assets/stars/StarFilled2026.svg","https://assets.dm.de/om/review-ui/assets/stars/StarFilled2026.svg","https://assets.dm.de/om/review-ui/assets/stars/StarFilled2026.svg",""
"1786131472-13","https://www.dm.de/pflege-und-parfum/gesichtspflege/serum-und-kur","","Gesichtsserum 101 A-Game-20 0,2% Retinal, 30 ml","22,35 €","Marke: Geek&Gorgeous; Produktname: Gesichtsserum 101 A-Game-20 0,2% Retinal, 30 ml; Preis: 22,35 €; Grundpreis: 0,03 l (745,00 € je 1 l); Nur Online Grafik; Verfügbarkeit: Status grün Lieferbar, Status rot Alle dm-Märkte","0,03 l (745,00 € je 1 l)","Geek&Gorgeous","(44)","Lieferbar","","","https://products.dm-static.com/images/f_auto,q_auto,c_fit,h_320,w_320/v1747507909/assets/pas/images/5fe18cb2-8f6b-4773-9d47-b7f886f7725e/geek-und-gorgeous-gesichtsserum-101-a-game-20-0-2-prozent-retinal","https://products.dm-static.com/images/f_auto,q_auto,c_fit,w_150/v1782814967/assets/mp/highlight-graphics/media_highlight_graphic_os_exclusive_de_de/media_highlight_graphic_os_exclusive_de_de","","https://assets.dm.de/om/review-ui/assets/stars/StarFilled2026.svg","https://assets.dm.de/om/review-ui/assets/stars/StarFilled2026.svg","https://assets.dm.de/om/review-ui/assets/stars/StarFilled2026.svg",""
"1786131472-14","https://www.dm.de/pflege-und-parfum/gesichtspflege/serum-und-kur","","Gesichtsserum 101 Power Peptides, 30 ml","15,35 €","Marke: Geek&Gorgeous; Produktname: Gesichtsserum 101 Power Peptides, 30 ml; Preis: 15,35 €; Grundpreis: 0,03 l (511,67 € je 1 l); Verfügbarkeit: Status grün Lieferbar, Status grau dm-Markt wählen","0,03 l (511,67 € je 1 l)","Geek&Gorgeous","(82)","Lieferbar","dm-Markt wählen","","https://products.dm-static.com/images/f_auto,q_auto,c_fit,h_320,w_320/v1747507642/assets/pas/images/2d3c1e0e-f6de-4697-b41d-b2ff41d83033/geek-und-gorgeous-gesichtsserum-101-power-peptides","","","https://assets.dm.de/om/review-ui/assets/stars/StarFilled2026.svg","https://assets.dm.de/om/review-ui/assets/stars/StarFilled2026.svg","https://assets.dm.de/om/review-ui/assets/stars/StarFilled2026.svg",""
"1786131472-15","https://www.dm.de/pflege-und-parfum/gesichtspflege/serum-und-kur","","Serum Beauty Expert Vitamin C Serum-Creme LSF 30, 50 ml","5,95 €","Marke: Balea; Produktname: Serum Beauty Expert Vitamin C Serum-Creme LSF 30, 50 ml; Preis: 5,95 €; Grundpreis: 0,05 l (119,00 € je 1 l); Marke von dm Grafik; Verfügbarkeit: Status grün Lieferbar, Status grau dm-Markt wählen","0,05 l (119,00 € je 1 l)","Balea","(167)","Lieferbar","dm-Markt wählen","","https://products.dm-static.com/images/f_auto,q_auto,c_fit,h_320,w_320/v1760480239/assets/pas/images/7f776bc9-92b8-4a6e-833a-58f08d58436a/balea-serum-beauty-expert-vitamin-c-serum-creme-lsf-30","https://products.dm-static.com/images/f_auto,q_auto,c_fit,w_150/v1782977607/assets/mp/highlight-graphics/media_highlight_graphic_dm_brand_de_de/media_highlight_graphic_dm_brand_de_de","https://assets.dm.de/om/review-ui/assets/stars/StarEmpty2026.svg","https://assets.dm.de/om/review-ui/assets/stars/StarFilled2026.svg","https://assets.dm.de/om/review-ui/assets/stars/StarFilled2026.svg","https://assets.dm.de/om/review-ui/assets/stars/StarFilled2026.svg",""
"1786131472-16","https://www.dm.de/pflege-und-parfum/gesichtspflege/serum-und-kur","","Serum Beauty Expert Calming, 30 ml","5,95 €","Marke: Balea; Produktname: Serum Beauty Expert Calming, 30 ml; Preis: 5,95 €; Grundpreis: 0,03 l (198,33 € je 1 l); Marke von dm Grafik; Verfügbarkeit: Status grün Lieferbar, Status grau dm-Markt wählen","0,03 l (198,33 € je 1 l)","Balea","(424)","Lieferbar","dm-Markt wählen","","https://products.dm-static.com/images/f_auto,q_auto,c_fit,h_320,w_320/v1747485830/assets/pas/images/2a2eeea4-97a7-4041-940c-3a2d78058352/balea-serum-beauty-expert-calming","https://products.dm-static.com/images/f_auto,q_auto,c_fit,w_150/v1782977607/assets/mp/highlight-graphics/media_highlight_graphic_dm_brand_de_de/media_highlight_graphic_dm_brand_de_de","https://assets.dm.de/om/review-ui/assets/stars/StarEmpty2026.svg","https://assets.dm.de/om/review-ui/assets/stars/StarFilled2026.svg","https://assets.dm.de/om/review-ui/assets/stars/StarFilled2026.svg","https://assets.dm.de/om/review-ui/assets/stars/StarFilled2026.svg",""
"1786131472-17","https://www.dm.de/pflege-und-parfum/gesichtspflege/serum-und-kur","","Gesichtsserum 101 B-Bomb 10%Niacinamide, 30 ml","8,35 €","Marke: Geek&Gorgeous; Produktname: Gesichtsserum 101 B-Bomb 10%Niacinamide, 30 ml; Preis: 8,35 €; Grundpreis: 0,03 l (278,33 € je 1 l); Verfügbarkeit: Status grün Lieferbar, Status grau dm-Markt wählen","0,03 l (278,33 € je 1 l)","Geek&Gorgeous","(116)","Lieferbar","dm-Markt wählen","","https://products.dm-static.com/images/f_auto,q_auto,c_fit,h_320,w_320/v1747507799/assets/pas/images/57b3233e-509b-4fec-92b2-9d9d46864b62/geek-und-gorgeous-gesichtsserum-101-b-bomb-10-prozent-niacinamide","","","https://assets.dm.de/om/review-ui/assets/stars/StarFilled2026.svg","https://assets.dm.de/om/review-ui/assets/stars/StarFilled2026.svg","https://assets.dm.de/om/review-ui/assets/stars/StarFilled2026.svg",""
"1786131472-18","https://www.dm.de/pflege-und-parfum/gesichtspflege/serum-und-kur","","Gesichtsserum Ultra Sensitiv, 30 ml","4,95 €","Marke: Balea med; Produktname: Gesichtsserum Ultra Sensitiv, 30 ml; Preis: 4,95 €; Grundpreis: 0,03 l (165,00 € je 1 l); Marke von dm Grafik; Verfügbarkeit: Status grün Lieferbar, Status grau dm-Markt wählen","0,03 l (165,00 € je 1 l)","Balea med","(173)","Lieferbar","dm-Markt wählen","","https://products.dm-static.com/images/f_auto,q_auto,c_fit,h_320,w_320/v1782344558/assets/pas/images/edf14bdc-2384-4dac-8a26-337e628d5656/balea-med-gesichtsserum-ultra-sensitiv","https://products.dm-static.com/images/f_auto,q_auto,c_fit,w_150/v1782977607/assets/mp/highlight-graphics/media_highlight_graphic_dm_brand_de_de/media_highlight_graphic_dm_brand_de_de","","https://assets.dm.de/om/review-ui/assets/stars/StarFilled2026.svg","https://assets.dm.de/om/review-ui/assets/stars/StarFilled2026.svg","https://assets.dm.de/om/review-ui/assets/stars/StarFilled2026.svg",""
"1786131472-19","https://www.dm.de/pflege-und-parfum/gesichtspflege/serum-und-kur","","Serum Beauty Expert Plump & Glow, 30 ml","5,95 €","Marke: Balea; Produktname: Serum Beauty Expert Plump & Glow, 30 ml; Preis: 5,95 €; Grundpreis: 0,03 l (198,33 € je 1 l); Marke von dm Grafik; Verfügbarkeit: Status grün Lieferbar, Status grau dm-Markt wählen","0,03 l (198,33 € je 1 l)","Balea","(157)","Lieferbar","dm-Markt wählen","","https://products.dm-static.com/images/f_auto,q_auto,c_fit,h_320,w_320/v1773183475/assets/pas/images/cb6dd89c-b5a6-4422-96c0-1604c6aeb89f/balea-serum-beauty-expert-plump-und-glow","https://products.dm-static.com/images/f_auto,q_auto,c_fit,w_150/v1782977607/assets/mp/highlight-graphics/media_highlight_graphic_dm_brand_de_de/media_highlight_graphic_dm_brand_de_de","https://assets.dm.de/om/review-ui/assets/stars/StarEmpty2026.svg","https://assets.dm.de/om/review-ui/assets/stars/StarFilled2026.svg","https://assets.dm.de/om/review-ui/assets/stars/StarFilled2026.svg","https://assets.dm.de/om/review-ui/assets/stars/StarFilled2026.svg",""
"1786131472-20","https://www.dm.de/pflege-und-parfum/gesichtspflege/serum-und-kur","","Serum Hydro Boost Pures Hyaluron, 30 ml","11,75 €","Marke: Neutrogena; Produktname: Serum Hydro Boost Pures Hyaluron, 30 ml; Preis: 11,75 €; Grundpreis: 0,03 l (391,67 € je 1 l); Verfügbarkeit: Status grün Lieferbar, Status grau dm-Markt wählen","0,03 l (391,67 € je 1 l)","Neutrogena","(413)","Lieferbar","dm-Markt wählen","","https://products.dm-static.com/images/f_auto,q_auto,c_fit,h_320,w_320/v1754984998/assets/pas/images/9e6999af-0395-4da3-aa19-f7009dbfc8f6/neutrogena-serum-hydro-boost-pures-hyaluron","","","https://assets.dm.de/om/review-ui/assets/stars/StarFilled2026.svg","https://assets.dm.de/om/review-ui/assets/stars/StarFilled2026.svg","https://assets.dm.de/om/review-ui/assets/stars/StarFilled2026.svg",""
"1786131472-21","https://www.dm.de/pflege-und-parfum/gesichtspflege/serum-und-kur","","Serum Ginseng & Retinal, 30 ml","18,95 €","Marke: Beauty of Joseon; Produktname: Serum Ginseng & Retinal, 30 ml; Preis: 18,95 €; Grundpreis: 0,03 l (631,67 € je 1 l); Verfügbarkeit: Status grün Lieferbar, Status grau dm-Markt wählen","0,03 l (631,67 € je 1 l)","Beauty of Joseon","(333)","Lieferbar","dm-Markt wählen","Hinweise","https://products.dm-static.com/images/f_auto,q_auto,c_fit,h_320,w_320/v1762210768/assets/pas/images/b9a81ae4-6974-4663-ac45-865686e006f7/beauty-of-joseon-serum-ginseng-und-retinal","","","https://assets.dm.de/om/review-ui/assets/stars/StarFilled2026.svg","https://assets.dm.de/om/review-ui/assets/stars/StarFilled2026.svg","https://assets.dm.de/om/review-ui/assets/stars/StarFilled2026.svg",""
"1786131472-22","https://www.dm.de/pflege-und-parfum/gesichtspflege/serum-und-kur","","Ampullenkur  Kollagen Boost (7x2 ml), 14 ml","4,95 €","Marke: alverde NATURKOSMETIK; Produktname: Ampullenkur  Kollagen Boost (7x2 ml), 14 ml; Preis: 4,95 €; Grundpreis: 0,014 l (353,57 € je 1 l); Marke von dm Grafik; Verfügbarkeit: Status grün Lieferbar, Status grau dm-Markt wählen","0,014 l (353,57 € je 1 l)","alverde NATURKOSMETIK","(15)","Lieferbar","dm-Markt wählen","Hinweise","https://products.dm-static.com/images/f_auto,q_auto,c_fit,h_320,w_320/v1779577647/assets/pas/images/ffdcc799-eea5-4998-9064-d73db603cfd2/alverde-naturkosmetik-ampullenkur-kollagen-boost-7x2-ml","https://products.dm-static.com/images/f_auto,q_auto,c_fit,w_150/v1782977607/assets/mp/highlight-graphics/media_highlight_graphic_dm_brand_de_de/media_highlight_graphic_dm_brand_de_de","","https://assets.dm.de/om/review-ui/assets/stars/StarFilled2026.svg","https://assets.dm.de/om/review-ui/assets/stars/StarFilled2026.svg","https://assets.dm.de/om/review-ui/assets/stars/StarFilled2026.svg",""
"1786131472-23","https://www.dm.de/pflege-und-parfum/gesichtspflege/serum-und-kur","","Serum Anti-Unreinheiten, Niacinamide, 30 ml","13,95 €","Marke: Mixa; Produktname: Serum Anti-Unreinheiten, Niacinamide, 30 ml; Preis: 13,95 €; Grundpreis: 0,03 l (465,00 € je 1 l); Verfügbarkeit: Status grün Lieferbar, Status grau dm-Markt wählen","0,03 l (465,00 € je 1 l)","Mixa","(1029)","Lieferbar","dm-Markt wählen","Hinweise","https://products.dm-static.com/images/f_auto,q_auto,c_fit,h_320,w_320/v1758168851/assets/pas/images/f6f0c42f-cca1-4237-bbd9-b419876c3c08/mixa-serum-anti-unreinheiten-niacinamide","","","https://assets.dm.de/om/review-ui/assets/stars/StarFilled2026.svg","https://assets.dm.de/om/review-ui/assets/stars/StarFilled2026.svg","https://assets.dm.de/om/review-ui/assets/stars/StarFilled2026.svg",""
"1786131472-24","https://www.dm.de/pflege-und-parfum/gesichtspflege/serum-und-kur","","Serum Dive In, 50 ml","16,95 €","Marke: Torriden; Produktname: Serum Dive In, 50 ml; Preis: 16,95 €; Grundpreis: 0,05 l (339,00 € je 1 l); Verfügbarkeit: Status grün Lieferbar, Status grau dm-Markt wählen","0,05 l (339,00 € je 1 l)","Torriden","(9)","Lieferbar","dm-Markt wählen","","https://products.dm-static.com/images/f_auto,q_auto,c_fit,h_320,w_320/v1783657968/assets/pas/images/b4411c86-e5b4-4543-b53a-d30c8bca8f85/torriden-serum-dive-in","","","https://assets.dm.de/om/review-ui/assets/stars/StarFilled2026.svg","https://assets.dm.de/om/review-ui/assets/stars/StarFilled2026.svg","https://assets.dm.de/om/review-ui/assets/stars/StarFilled2026.svg",""
"1786131472-25","https://www.dm.de/pflege-und-parfum/gesichtspflege/serum-und-kur","","Serum Retinol, 20 ml","16,95 €","Marke: NØ cosmetics; Produktname: Serum Retinol, 20 ml; Preis: 16,95 €; Grundpreis: 0,02 l (847,50 € je 1 l); Verfügbarkeit: Status grün Lieferbar, Status grau dm-Markt wählen","0,02 l (847,50 € je 1 l)","NØ cosmetics","(325)","Lieferbar","dm-Markt wählen","","https://products.dm-static.com/images/f_auto,q_auto,c_fit,h_320,w_320/v1747493365/assets/pas/images/c1f295f5-4d0f-41fa-981a-c13df368f887/no-cosmetics-serum-retinol","","","https://assets.dm.de/om/review-ui/assets/stars/StarFilled2026.svg","https://assets.dm.de/om/review-ui/assets/stars/StarFilled2026.svg","https://assets.dm.de/om/review-ui/assets/stars/StarFilled2026.svg",""
"1786131472-26","https://www.dm.de/pflege-und-parfum/gesichtspflege/serum-und-kur","","Serum Vital+ Intensivserum Ceramide, 30 ml","4,95 €","Marke: Balea; Produktname: Serum Vital+ Intensivserum Ceramide, 30 ml; Preis: 4,95 €; Grundpreis: 0,03 l (165,00 € je 1 l); Marke von dm Grafik; Verfügbarkeit: Status grün Lieferbar, Status grau dm-Markt wählen","0,03 l (165,00 € je 1 l)","Balea","(92)","Lieferbar","dm-Markt wählen","","https://products.dm-static.com/images/f_auto,q_auto,c_fit,h_320,w_320/v1774605439/assets/pas/images/1c741c65-73fc-48e6-ab02-82c0b180f22e/balea-serum-vital-intensivserum-ceramide","https://products.dm-static.com/images/f_auto,q_auto,c_fit,w_150/v1782977607/assets/mp/highlight-graphics/media_highlight_graphic_dm_brand_de_de/media_highlight_graphic_dm_brand_de_de","","https://assets.dm.de/om/review-ui/assets/stars/StarFilled2026.svg","https://assets.dm.de/om/review-ui/assets/stars/StarFilled2026.svg","https://assets.dm.de/om/review-ui/assets/stars/StarFilled2026.svg",""
"1786131472-27","https://www.dm.de/pflege-und-parfum/gesichtspflege/serum-und-kur","","Serum Glow Propolis & Niacinamide, 30 ml","16,95 €","Marke: Beauty of Joseon; Produktname: Serum Glow Propolis & Niacinamide, 30 ml; Preis: 16,95 €; Grundpreis: 0,03 l (565,00 € je 1 l); Verfügbarkeit: Status grün Lieferbar, Status grau dm-Markt wählen","0,03 l (565,00 € je 1 l)","Beauty of Joseon","(17)","Lieferbar","dm-Markt wählen","Hinweise","https://products.dm-static.com/images/f_auto,q_auto,c_fit,h_320,w_320/v1755005362/assets/pas/images/3f6ad9a9-83aa-48f8-939f-012a6b74f181/beauty-of-joseon-serum-glow-propolis-und-niacinamide","","","https://assets.dm.de/om/review-ui/assets/stars/StarFilled2026.svg","https://assets.dm.de/om/review-ui/assets/stars/StarFilled2026.svg","https://assets.dm.de/om/review-ui/assets/stars/StarFilled2026.svg",""
"1786131472-28","https://www.dm.de/pflege-und-parfum/gesichtspflege/serum-und-kur","","Serum Glow Booster, Vitamin C Anti-Dunkle-Flecken, 30 ml","11,95 €","Marke: Garnier Skin Active; Produktname: Serum Glow Booster, Vitamin C Anti-Dunkle-Flecken, 30 ml; Preis: 11,95 €; Grundpreis: 0,03 l (398,33 € je 1 l); Verfügbarkeit: Status grün Lieferbar, Status grau dm-Markt wählen","0,03 l (398,33 € je 1 l)","Garnier Skin Active","(1228)","Lieferbar","dm-Markt wählen","Hinweise","https://products.dm-static.com/images/f_auto,q_auto,c_fit,h_320,w_320/v1754929979/assets/pas/images/abe47d70-c446-48ec-ac69-0e8321b095fc/garnier-skin-active-serum-glow-booster-vitamin-c-anti-dunkle-flecken","","","https://assets.dm.de/om/review-ui/assets/stars/StarFilled2026.svg","https://assets.dm.de/om/review-ui/assets/stars/StarFilled2026.svg","https://assets.dm.de/om/review-ui/assets/stars/StarFilled2026.svg",""
"1786131472-29","https://www.dm.de/pflege-und-parfum/gesichtspflege/serum-und-kur","","Feuchtigkeitsserum, 30 ml","7,95 €","Marke: hautsache; Produktname: Feuchtigkeitsserum, 30 ml; Preis: 7,95 €; Grundpreis: 0,03 l (265,00 € je 1 l); Marke von dm Grafik; Verfügbarkeit: Status grün Lieferbar, Status grau dm-Markt wählen","0,03 l (265,00 € je 1 l)","hautsache","(53)","Lieferbar","dm-Markt wählen","","https://products.dm-static.com/images/f_auto,q_auto,c_fit,h_320,w_320/v1774961624/assets/pas/images/87b837a9-825f-4998-b10d-f3ec43d18d03/hautsache-feuchtigkeitsserum","https://products.dm-static.com/images/f_auto,q_auto,c_fit,w_150/v1782977607/assets/mp/highlight-graphics/media_highlight_graphic_dm_brand_de_de/media_highlight_graphic_dm_brand_de_de","","https://assets.dm.de/om/review-ui/assets/stars/StarFilled2026.svg","https://assets.dm.de/om/review-ui/assets/stars/StarFilled2026.svg","https://assets.dm.de/om/review-ui/assets/stars/StarFilled2026.svg",""
"1786131472-30","https://www.dm.de/pflege-und-parfum/gesichtspflege/serum-und-kur","","Serum Hyperdration Hyaluron, 20 ml","14,95 €","Marke: NØ cosmetics; Produktname: Serum Hyperdration Hyaluron, 20 ml; Preis: 14,95 €; Grundpreis: 0,02 l (747,50 € je 1 l); Verfügbarkeit: Status grün Lieferbar, Status grau dm-Markt wählen","0,02 l (747,50 € je 1 l)","NØ cosmetics","(107)","Lieferbar","dm-Markt wählen","","https://products.dm-static.com/images/f_auto,q_auto,c_fit,h_320,w_320/v1747493110/assets/pas/images/e0c61086-3398-4285-9619-bb34bf5fea6c/no-cosmetics-serum-hyperdration-hyaluron","","","https://assets.dm.de/om/review-ui/assets/stars/StarFilled2026.svg","https://assets.dm.de/om/review-ui/assets/stars/StarFilled2026.svg","https://assets.dm.de/om/review-ui/assets/stars/StarFilled2026.svg",""
"1786131472-31","https://www.dm.de/pflege-und-parfum/gesichtspflege/serum-und-kur","","Gesichtsserum 101 aPAD, 30 ml","11,35 €","Marke: Geek&Gorgeous; Produktname: Gesichtsserum 101 aPAD, 30 ml; Preis: 11,35 €; Grundpreis: 0,03 l (378,33 € je 1 l); Verfügbarkeit: Status grün Lieferbar, Status grau dm-Markt wählen","0,03 l (378,33 € je 1 l)","Geek&Gorgeous","(58)","Lieferbar","dm-Markt wählen","","https://products.dm-static.com/images/f_auto,q_auto,c_fit,h_320,w_320/v1747507230/assets/pas/images/3de70c4f-4cba-44cd-8039-65d24052a4d4/geek-und-gorgeous-gesichtsserum-101-apad","","","https://assets.dm.de/om/review-ui/assets/stars/StarFilled2026.svg","https://assets.dm.de/om/review-ui/assets/stars/StarFilled2026.svg","https://assets.dm.de/om/review-ui/assets/stars/StarFilled2026.svg",""
"1786131472-32","https://www.dm.de/pflege-und-parfum/gesichtspflege/serum-und-kur","","Gesichtsserum 101 Porefectly Clear, 30 ml","7,35 €","Marke: Geek&Gorgeous; Produktname: Gesichtsserum 101 Porefectly Clear, 30 ml; Preis: 7,35 €; Grundpreis: 0,03 l (245,00 € je 1 l); Verfügbarkeit: Status grün Lieferbar, Status grau dm-Markt wählen","0,03 l (245,00 € je 1 l)","Geek&Gorgeous","(89)","Lieferbar","dm-Markt wählen","","https://products.dm-static.com/images/f_auto,q_auto,c_fit,h_320,w_320/v1747507907/assets/pas/images/5e6317e8-092b-4ebf-94fd-70081fa055fe/geek-und-gorgeous-gesichtsserum-101-porefectly-clear","","","https://assets.dm.de/om/review-ui/assets/stars/StarFilled2026.svg","https://assets.dm.de/om/review-ui/assets/stars/StarFilled2026.svg","https://assets.dm.de/om/review-ui/assets/stars/StarFilled2026.svg",""
"1786131472-33","https://www.dm.de/pflege-und-parfum/gesichtspflege/serum-und-kur","","Serum Feuchtigkeit Aqua, 30 ml","2,95 €","Marke: Balea; Produktname: Serum Feuchtigkeit Aqua, 30 ml; Preis: 2,95 €; Grundpreis: 0,03 l (98,33 € je 1 l); Marke von dm Grafik; Verfügbarkeit: Status grün Lieferbar, Status grau dm-Markt wählen","0,03 l (98,33 € je 1 l)","Balea","(422)","Lieferbar","dm-Markt wählen","","https://products.dm-static.com/images/f_auto,q_auto,c_fit,h_320,w_320/v1776381231/assets/pas/images/ed6cf299-c31a-474c-b93d-fa3b37f771c0/balea-serum-feuchtigkeit-aqua","https://products.dm-static.com/images/f_auto,q_auto,c_fit,w_150/v1782977607/assets/mp/highlight-graphics/media_highlight_graphic_dm_brand_de_de/media_highlight_graphic_dm_brand_de_de","https://assets.dm.de/om/review-ui/assets/stars/StarEmpty2026.svg","https://assets.dm.de/om/review-ui/assets/stars/StarFilled2026.svg","https://assets.dm.de/om/review-ui/assets/stars/StarFilled2026.svg","https://assets.dm.de/om/review-ui/assets/stars/StarFilled2026.svg",""
"1786131472-34","https://www.dm.de/pflege-und-parfum/gesichtspflege/serum-und-kur","","Serum Hydro Refresh, 30 ml","11,95 €","Marke: lavera NATURKOSMETIK; Produktname: Serum Hydro Refresh, 30 ml; Preis: 11,95 €; Grundpreis: 0,03 l (398,33 € je 1 l); Verfügbarkeit: Status grün Lieferbar, Status grau dm-Markt wählen","0,03 l (398,33 € je 1 l)","lavera NATURKOSMETIK","(138)","Lieferbar","dm-Markt wählen","","https://products.dm-static.com/images/f_auto,q_auto,c_fit,h_320,w_320/v1747443225/assets/pas/images/09530821-bfce-4b4c-aa7a-ca28d8d34a94/lavera-naturkosmetik-serum-hydro-refresh","","","https://assets.dm.de/om/review-ui/assets/stars/StarFilled2026.svg","https://assets.dm.de/om/review-ui/assets/stars/StarFilled2026.svg","https://assets.dm.de/om/review-ui/assets/stars/StarFilled2026.svg",""
"1786131472-35","https://www.dm.de/pflege-und-parfum/gesichtspflege/serum-und-kur","","Serum Vitamin C, 20 ml","16,95 €","Marke: NØ cosmetics; Produktname: Serum Vitamin C, 20 ml; Preis: 16,95 €; Grundpreis: 0,02 l (847,50 € je 1 l); Verfügbarkeit: Status grün Lieferbar, Status grau dm-Markt wählen","0,02 l (847,50 € je 1 l)","NØ cosmetics","(170)","Lieferbar","dm-Markt wählen","","https://products.dm-static.com/images/f_auto,q_auto,c_fit,h_320,w_320/v1747493441/assets/pas/images/3576919d-02ae-4985-b51c-e75c5006ec82/no-cosmetics-serum-vitamin-c","","https://assets.dm.de/om/review-ui/assets/stars/StarEmpty2026.svg","https://assets.dm.de/om/review-ui/assets/stars/StarFilled2026.svg","https://assets.dm.de/om/review-ui/assets/stars/StarFilled2026.svg","https://assets.dm.de/om/review-ui/assets/stars/StarFilled2026.svg",""
"1786131472-36","https://www.dm.de/pflege-und-parfum/gesichtspflege/serum-und-kur","","Gesichtsserum Sun Madagascar Centella Hyalu-Cica..., 50 ml","19,95 €","Marke: SKIN1004; Produktname: Gesichtsserum Sun Madagascar Centella Hyalu-Cica Water-Fit LSF 50+, 50 ml; Preis: 19,95 €; Grundpreis: 0,05 l (399,00 € je 1 l); Neues Produkt Grafik; Verfügbarkeit: Status grün Lieferbar, Status grau dm-Markt wählen","0,05 l (399,00 € je 1 l)","SKIN1004","(9)","Lieferbar","dm-Markt wählen","","https://products.dm-static.com/images/f_auto,q_auto,c_fit,h_320,w_320/v1778487923/assets/pas/images/10b24085-77b1-4032-be73-157d612c5cd6/skin1004-gesichtsserum-sun-madagascar-centella-hyalu-cica-water-fit-lsf-50","https://products.dm-static.com/images/f_auto,q_auto,c_fit,w_150/v1782806804/assets/mp/highlight-graphics/media_highlight_graphic_new_de_de/media_highlight_graphic_new_de_de","","https://assets.dm.de/om/review-ui/assets/stars/StarFilled2026.svg","https://assets.dm.de/om/review-ui/assets/stars/StarFilled2026.svg","https://assets.dm.de/om/review-ui/assets/stars/StarFilled2026.svg",""
"1786131472-37","https://www.dm.de/pflege-und-parfum/gesichtspflege/serum-und-kur","","Gesichtsserum 101 HA 5 Rich, 30 ml","9,35 €","Marke: Geek&Gorgeous; Produktname: Gesichtsserum 101 HA 5 Rich, 30 ml; Preis: 9,35 €; Grundpreis: 0,03 l (311,67 € je 1 l); Verfügbarkeit: Status grün Lieferbar, Status grau dm-Markt wählen","0,03 l (311,67 € je 1 l)","Geek&Gorgeous","(63)","Lieferbar","dm-Markt wählen","","https://products.dm-static.com/images/f_auto,q_auto,c_fit,h_320,w_320/v1747507516/assets/pas/images/c5e3ec57-9a6c-4356-857b-73378519cf27/geek-und-gorgeous-gesichtsserum-101-ha-5-rich","","","https://assets.dm.de/om/review-ui/assets/stars/StarFilled2026.svg","https://assets.dm.de/om/review-ui/assets/stars/StarFilled2026.svg","https://assets.dm.de/om/review-ui/assets/stars/StarFilled2026.svg",""
"1786131472-38","https://www.dm.de/pflege-und-parfum/gesichtspflege/serum-und-kur","","Serum Retinol Boost, 30 ml","14,95 €","Marke: Neutrogena; Produktname: Serum Retinol Boost, 30 ml; Preis: 14,95 €; Grundpreis: 0,03 l (498,33 € je 1 l); Verfügbarkeit: Status grün Lieferbar, Status grau dm-Markt wählen","0,03 l (498,33 € je 1 l)","Neutrogena","(617)","Lieferbar","dm-Markt wählen","Hinweise","https://products.dm-static.com/images/f_auto,q_auto,c_fit,h_320,w_320/v1752583251/assets/pas/images/2a976c73-67e5-4849-b1a4-e62e1ebe5216/neutrogena-serum-retinol-boost","","","https://assets.dm.de/om/review-ui/assets/stars/StarFilled2026.svg","https://assets.dm.de/om/review-ui/assets/stars/StarFilled2026.svg","https://assets.dm.de/om/review-ui/assets/stars/StarFilled2026.svg",""
"1786131472-39","https://www.dm.de/pflege-und-parfum/gesichtspflege/serum-und-kur","","Serum Hyaluron, 30 ml","4,95 €","Marke: alverde NATURKOSMETIK; Produktname: Serum Hyaluron, 30 ml; Preis: 4,95 €; Grundpreis: 0,03 l (165,00 € je 1 l); Marke von dm Grafik; Verfügbarkeit: Status grün Lieferbar, Status grau dm-Markt wählen","0,03 l (165,00 € je 1 l)","alverde NATURKOSMETIK","(82)","Lieferbar","dm-Markt wählen","","https://products.dm-static.com/images/f_auto,q_auto,c_fit,h_320,w_320/v1771026307/assets/pas/images/3ff90876-198d-43e8-b963-0ca49a7a14f5/alverde-naturkosmetik-serum-hyaluron","https://products.dm-static.com/images/f_auto,q_auto,c_fit,w_150/v1782977607/assets/mp/highlight-graphics/media_highlight_graphic_dm_brand_de_de/media_highlight_graphic_dm_brand_de_de","https://assets.dm.de/om/review-ui/assets/stars/StarEmpty2026.svg","https://assets.dm.de/om/review-ui/assets/stars/StarFilled2026.svg","https://assets.dm.de/om/review-ui/assets/stars/StarFilled2026.svg","https://assets.dm.de/om/review-ui/assets/stars/StarFilled2026.svg",""
"1786131472-40","https://www.dm.de/pflege-und-parfum/gesichtspflege/serum-und-kur","","Serum Vitamin C, 30 ml","4,95 €","Marke: alverde NATURKOSMETIK; Produktname: Serum Vitamin C, 30 ml; Preis: 4,95 €; Grundpreis: 0,03 l (165,00 € je 1 l); Marke von dm Grafik; Verfügbarkeit: Status grün Lieferbar, Status grau dm-Markt wählen","0,03 l (165,00 € je 1 l)","alverde NATURKOSMETIK","(101)","Lieferbar","dm-Markt wählen","","https://products.dm-static.com/images/f_auto,q_auto,c_fit,h_320,w_320/v1770299594/assets/pas/images/eb767264-02be-4c9a-bcd7-1b05f7f28dbf/alverde-naturkosmetik-serum-vitamin-c","https://products.dm-static.com/images/f_auto,q_auto,c_fit,w_150/v1782977607/assets/mp/highlight-graphics/media_highlight_graphic_dm_brand_de_de/media_highlight_graphic_dm_brand_de_de","","https://assets.dm.de/om/review-ui/assets/stars/StarFilled2026.svg","https://assets.dm.de/om/review-ui/assets/stars/StarFilled2026.svg","https://assets.dm.de/om/review-ui/assets/stars/StarFilled2026.svg",""
"1786131472-41","https://www.dm.de/pflege-und-parfum/gesichtspflege/serum-und-kur","","Serum Glow by Nature Vitamin C Boost, 30 ml","16,95 €","Marke: lavera NATURKOSMETIK; Produktname: Serum Glow by Nature Vitamin C Boost, 30 ml; Preis: 16,95 €; Grundpreis: 0,03 l (565,00 € je 1 l); Verfügbarkeit: Status grün Lieferbar, Status grau dm-Markt wählen","0,03 l (565,00 € je 1 l)","lavera NATURKOSMETIK","(54)","Lieferbar","dm-Markt wählen","","https://products.dm-static.com/images/f_auto,q_auto,c_fit,h_320,w_320/v1754976750/assets/pas/images/931c598c-b2ff-4567-9033-720ff239bde0/lavera-naturkosmetik-serum-glow-by-nature-vitamin-c-boost","","","https://assets.dm.de/om/review-ui/assets/stars/StarFilled2026.svg","https://assets.dm.de/om/review-ui/assets/stars/StarFilled2026.svg","https://assets.dm.de/om/review-ui/assets/stars/StarFilled2026.svg",""
"1786131472-42","https://www.dm.de/pflege-und-parfum/gesichtspflege/serum-und-kur","","Gesichtsöl Wildrose, 15 ml","3,45 €","Marke: alverde NATURKOSMETIK; Produktname: Gesichtsöl Wildrose, 15 ml; Preis: 3,45 €; Grundpreis: 0,015 l (230,00 € je 1 l); Marke von dm Grafik; Verfügbarkeit: Status grün Lieferbar, Status grau dm-Markt wählen","0,015 l (230,00 € je 1 l)","alverde NATURKOSMETIK","(330)","Lieferbar","dm-Markt wählen","","https://products.dm-static.com/images/f_auto,q_auto,c_fit,h_320,w_320/v1770880589/assets/pas/images/f5230284-51d3-4b8d-8dd0-b400fd6035e3/alverde-naturkosmetik-gesichtsoel-wildrose","https://products.dm-static.com/images/f_auto,q_auto,c_fit,w_150/v1782977607/assets/mp/highlight-graphics/media_highlight_graphic_dm_brand_de_de/media_highlight_graphic_dm_brand_de_de","","https://assets.dm.de/om/review-ui/assets/stars/StarFilled2026.svg","https://assets.dm.de/om/review-ui/assets/stars/StarFilled2026.svg","https://assets.dm.de/om/review-ui/assets/stars/StarFilled2026.svg",""
"1786131472-43","https://www.dm.de/pflege-und-parfum/gesichtspflege/serum-und-kur","","Retinal Serum, 30 ml","8,95 €","Marke: hautsache; Produktname: Retinal Serum, 30 ml; Preis: 8,95 €; Grundpreis: 0,03 l (298,33 € je 1 l); Marke von dm Grafik; Verfügbarkeit: Status grün Lieferbar, Status grau dm-Markt wählen","0,03 l (298,33 € je 1 l)","hautsache","(81)","Lieferbar","dm-Markt wählen","Hinweise","https://products.dm-static.com/images/f_auto,q_auto,c_fit,h_320,w_320/v1762554742/assets/pas/images/1d1b1d93-f3c2-4350-aa95-691e0211e9f5/hautsache-retinal-serum","https://products.dm-static.com/images/f_auto,q_auto,c_fit,w_150/v1782977607/assets/mp/highlight-graphics/media_highlight_graphic_dm_brand_de_de/media_highlight_graphic_dm_brand_de_de","","https://assets.dm.de/om/review-ui/assets/stars/StarFilled2026.svg","https://assets.dm.de/om/review-ui/assets/stars/StarFilled2026.svg","https://assets.dm.de/om/review-ui/assets/stars/StarFilled2026.svg",""
"1786131472-44","https://www.dm.de/pflege-und-parfum/gesichtspflege/serum-und-kur","","Ampullen-Kur 7-Tage mit Bio-Bachblüten, 7 ml","3,95 €","Marke: alverde NATURKOSMETIK; Produktname: Ampullen-Kur 7-Tage mit Bio-Bachblüten, 7 ml; Preis: 3,95 €; Grundpreis: 0,007 l (564,29 € je 1 l); Marke von dm Grafik; Verfügbarkeit: Status grün Lieferbar, Status grau dm-Markt wählen","0,007 l (564,29 € je 1 l)","alverde NATURKOSMETIK","(173)","Lieferbar","dm-Markt wählen","","https://products.dm-static.com/images/f_auto,q_auto,c_fit,h_320,w_320/v1773355173/assets/pas/images/24fb9ce9-7482-47f2-be3b-f3515937fc03/alverde-naturkosmetik-ampullen-kur-7-tage-mit-bio-bachblueten","https://products.dm-static.com/images/f_auto,q_auto,c_fit,w_150/v1782977607/assets/mp/highlight-graphics/media_highlight_graphic_dm_brand_de_de/media_highlight_graphic_dm_brand_de_de","","https://assets.dm.de/om/review-ui/assets/stars/StarFilled2026.svg","https://assets.dm.de/om/review-ui/assets/stars/StarFilled2026.svg","https://assets.dm.de/om/review-ui/assets/stars/StarFilled2026.svg",""
"1786131472-45","https://www.dm.de/pflege-und-parfum/gesichtspflege/serum-und-kur","","Gesichtsserum 15% Vitamin C + 2% Glutathione..., 30 ml","18,85 €","Marke: nerds.; Produktname: Gesichtsserum 15% Vitamin C + 2% Glutathione Fresh Active, 30 ml; Preis: 18,85 €; Grundpreis: 0,03 l (628,33 € je 1 l); Verfügbarkeit: Status grün Lieferbar, Status grau dm-Markt wählen","0,03 l (628,33 € je 1 l)","nerds.","(10)","Lieferbar","dm-Markt wählen","","https://products.dm-static.com/images/f_auto,q_auto,c_fit,h_320,w_320/v1782252632/assets/pas/images/acaef529-4b1b-49d0-9b43-f4961d3174ef/nerds-gesichtsserum-15-prozent-vitamin-c-2-prozent-glutathione-fresh-active","","https://assets.dm.de/om/review-ui/assets/stars/StarEmpty2026.svg","https://assets.dm.de/om/review-ui/assets/stars/StarFilled2026.svg","https://assets.dm.de/om/review-ui/assets/stars/StarFilled2026.svg","https://assets.dm.de/om/review-ui/assets/stars/StarFilled2026.svg",""
"1786131472-46","https://www.dm.de/pflege-und-parfum/gesichtspflege/serum-und-kur","","Gesichtsserum 101 Stress Less, 30 ml","11,35 €","Marke: Geek&Gorgeous; Produktname: Gesichtsserum 101 Stress Less, 30 ml; Preis: 11,35 €; Grundpreis: 0,03 l (378,33 € je 1 l); Verfügbarkeit: Status grün Lieferbar, Status grau dm-Markt wählen","0,03 l (378,33 € je 1 l)","Geek&Gorgeous","(58)","Lieferbar","dm-Markt wählen","","https://products.dm-static.com/images/f_auto,q_auto,c_fit,h_320,w_320/v1747507376/assets/pas/images/2d4a23c9-3293-4858-bb10-e806edd87416/geek-und-gorgeous-gesichtsserum-101-stress-less","","","https://assets.dm.de/om/review-ui/assets/stars/StarFilled2026.svg","https://assets.dm.de/om/review-ui/assets/stars/StarFilled2026.svg","https://assets.dm.de/om/review-ui/assets/stars/StarFilled2026.svg",""
"1786131472-47","https://www.dm.de/pflege-und-parfum/gesichtspflege/serum-und-kur","","Serum Re-Balance, 20 ml","12,95 €","Marke: NØ cosmetics; Produktname: Serum Re-Balance, 20 ml; Preis: 12,95 €; Grundpreis: 0,02 l (647,50 € je 1 l); Verfügbarkeit: Status grün Lieferbar, Status grau dm-Markt wählen","0,02 l (647,50 € je 1 l)","NØ cosmetics","(252)","Lieferbar","dm-Markt wählen","","https://products.dm-static.com/images/f_auto,q_auto,c_fit,h_320,w_320/v1747493417/assets/pas/images/84c8b565-925d-46fb-a62d-478d3a1f9fb3/no-cosmetics-serum-re-balance","","","https://assets.dm.de/om/review-ui/assets/stars/StarFilled2026.svg","https://assets.dm.de/om/review-ui/assets/stars/StarFilled2026.svg","https://assets.dm.de/om/review-ui/assets/stars/StarFilled2026.svg",""
"1786131472-48","https://www.dm.de/pflege-und-parfum/gesichtspflege/serum-und-kur","","Serum HyperCalm 2-Phase, 20 ml","15,95 €","Marke: NØ cosmetics; Produktname: Serum HyperCalm 2-Phase, 20 ml; Preis: 15,95 €; Grundpreis: 0,02 l (797,50 € je 1 l); Verfügbarkeit: Status grün Lieferbar, Status grau dm-Markt wählen","0,02 l (797,50 € je 1 l)","NØ cosmetics","(187)","Lieferbar","dm-Markt wählen","","https://products.dm-static.com/images/f_auto,q_auto,c_fit,h_320,w_320/v1747493102/assets/pas/images/e8902741-8ca2-4b9c-8403-8da09aff0f07/no-cosmetics-serum-hypercalm-2-phase","","https://assets.dm.de/om/review-ui/assets/stars/StarEmpty2026.svg","https://assets.dm.de/om/review-ui/assets/stars/StarFilled2026.svg","https://assets.dm.de/om/review-ui/assets/stars/StarFilled2026.svg","https://assets.dm.de/om/review-ui/assets/stars/StarFilled2026.svg",""
"1786131472-49","https://www.dm.de/pflege-und-parfum/gesichtspflege/serum-und-kur","","Serum Konzentrat Hydro Boost Hyaluron parfumfrei, 15 ml","9,65 €","Marke: Neutrogena; Produktname: Serum Konzentrat Hydro Boost Hyaluron parfumfrei, 15 ml; Preis: 9,65 €; Grundpreis: 0,015 l (643,33 € je 1 l); Verfügbarkeit: Status grün Lieferbar, Status grau dm-Markt wählen","0,015 l (643,33 € je 1 l)","Neutrogena","(299)","Lieferbar","dm-Markt wählen","Hinweise","https://products.dm-static.com/images/f_auto,q_auto,c_fit,h_320,w_320/v1747412227/assets/pas/images/80509cc0-4e76-4d96-8e37-479a11d5325b/neutrogena-serum-konzentrat-hydro-boost-hyaluron-parfumfrei","","","https://assets.dm.de/om/review-ui/assets/stars/StarFilled2026.svg","https://assets.dm.de/om/review-ui/assets/stars/StarFilled2026.svg","https://assets.dm.de/om/review-ui/assets/stars/StarFilled2026.svg",""
"1786131472-50","https://www.dm.de/pflege-und-parfum/gesichtspflege/serum-und-kur","","Serum Anti-Hautstress, 30 ml","9,95 €","Marke: Mixa; Produktname: Serum Anti-Hautstress, 30 ml; Preis: 9,95 €; Grundpreis: 0,03 l (331,67 € je 1 l); Verfügbarkeit: Status grün Lieferbar, Status grau dm-Markt wählen","0,03 l (331,67 € je 1 l)","Mixa","(2862)","Lieferbar","dm-Markt wählen","Hinweise","https://products.dm-static.com/images/f_auto,q_auto,c_fit,h_320,w_320/v1762522376/assets/pas/images/40ae825c-e537-46d7-85a2-f1ae881652d3/mixa-serum-anti-hautstress","","","https://assets.dm.de/om/review-ui/assets/stars/StarFilled2026.svg","https://assets.dm.de/om/review-ui/assets/stars/StarFilled2026.svg","https://assets.dm.de/om/review-ui/assets/stars/StarFilled2026.svg",""
"1786131472-51","https://www.dm.de/pflege-und-parfum/gesichtspflege/serum-und-kur","","Serum Slow-Aging, 20 ml","16,95 €","Marke: NØ cosmetics; Produktname: Serum Slow-Aging, 20 ml; Preis: 16,95 €; Grundpreis: 0,02 l (847,50 € je 1 l); Verfügbarkeit: Status grün Lieferbar, Status grau dm-Markt wählen","0,02 l (847,50 € je 1 l)","NØ cosmetics","(159)","Lieferbar","dm-Markt wählen","","https://products.dm-static.com/images/f_auto,q_auto,c_fit,h_320,w_320/v1751069468/assets/pas/images/28df8251-7feb-4c09-a46c-10151d97e578/no-cosmetics-serum-slow-aging","","","https://assets.dm.de/om/review-ui/assets/stars/StarFilled2026.svg","https://assets.dm.de/om/review-ui/assets/stars/StarFilled2026.svg","https://assets.dm.de/om/review-ui/assets/stars/StarFilled2026.svg",""
"1786131472-52","https://www.dm.de/pflege-und-parfum/gesichtspflege/serum-und-kur","","Gesichtsserum Drops Hyaluron, 30 ml","11,95 €","Marke: WELEDA; Produktname: Gesichtsserum Drops Hyaluron, 30 ml; Preis: 11,95 €; Grundpreis: 0,03 l (398,33 € je 1 l); Verfügbarkeit: Status grün Lieferbar, Status grau dm-Markt wählen","0,03 l (398,33 € je 1 l)","WELEDA","(139)","Lieferbar","dm-Markt wählen","","https://products.dm-static.com/images/f_auto,q_auto,c_fit,h_320,w_320/v1784411119/assets/pas/images/913941db-8d00-4a01-87be-0876a33a3352/weleda-gesichtsserum-drops-hyaluron","","","https://assets.dm.de/om/review-ui/assets/stars/StarFilled2026.svg","https://assets.dm.de/om/review-ui/assets/stars/StarFilled2026.svg","https://assets.dm.de/om/review-ui/assets/stars/StarFilled2026.svg",""
"1786131472-53","https://www.dm.de/pflege-und-parfum/gesichtspflege/serum-und-kur","","Gesichtsserum Drops Bronzing, 30 ml","11,95 €","Marke: WELEDA; Produktname: Gesichtsserum Drops Bronzing, 30 ml; Preis: 11,95 €; Grundpreis: 0,03 l (398,33 € je 1 l); Verfügbarkeit: Status grün Lieferbar, Status grau dm-Markt wählen","0,03 l (398,33 € je 1 l)","WELEDA","(146)","Lieferbar","dm-Markt wählen","","https://products.dm-static.com/images/f_auto,q_auto,c_fit,h_320,w_320/v1769813428/assets/pas/images/7ac96002-4f86-4a8e-bcd8-86d79228297f/weleda-gesichtsserum-drops-bronzing","","","https://assets.dm.de/om/review-ui/assets/stars/StarFilled2026.svg","https://assets.dm.de/om/review-ui/assets/stars/StarFilled2026.svg","https://assets.dm.de/om/review-ui/assets/stars/StarFilled2026.svg",""
"1786131472-54","https://www.dm.de/pflege-und-parfum/gesichtspflege/serum-und-kur","","Nachtserum Glow Booster mit Vitamin C &..., 30 ml","14,95 €","Marke: Garnier Skin Active; Produktname: Nachtserum Glow Booster mit Vitamin C & Hyaluronsäure, 30 ml; Preis: 14,95 €; Grundpreis: 0,03 l (498,33 € je 1 l); Verfügbarkeit: Status grün Lieferbar, Status grau dm-Markt wählen","0,03 l (498,33 € je 1 l)","Garnier Skin Active","(602)","Lieferbar","dm-Markt wählen","Hinweise","https://products.dm-static.com/images/f_auto,q_auto,c_fit,h_320,w_320/v1754926034/assets/pas/images/885fbb56-729b-42c6-a460-88872d4335ce/garnier-skin-active-nachtserum-glow-booster-mit-vitamin-c-und-hyaluronsaeure","","","https://assets.dm.de/om/review-ui/assets/stars/StarFilled2026.svg","https://assets.dm.de/om/review-ui/assets/stars/StarFilled2026.svg","https://assets.dm.de/om/review-ui/assets/stars/StarFilled2026.svg",""
"1786131472-55","https://www.dm.de/pflege-und-parfum/gesichtspflege/serum-und-kur","","Serum Vitamin C Boosting, 30 ml","19,95 €","Marke: Dr. Althea; Produktname: Serum Vitamin C Boosting, 30 ml; Preis: 19,95 €; Grundpreis: 0,03 l (665,00 € je 1 l); Verfügbarkeit: Status grün Lieferbar, Status grau dm-Markt wählen","0,03 l (665,00 € je 1 l)","Dr. Althea","(14)","Lieferbar","dm-Markt wählen","Hinweise","https://products.dm-static.com/images/f_auto,q_auto,c_fit,h_320,w_320/v1771855528/assets/pas/images/bb700d33-69c2-4f01-8709-809f3ba21f7c/dr-althea-serum-vitamin-c-boosting","","","https://assets.dm.de/om/review-ui/assets/stars/StarFilled2026.svg","https://assets.dm.de/om/review-ui/assets/stars/StarFilled2026.svg","https://assets.dm.de/om/review-ui/assets/stars/StarFilled2026.svg",""
"1786131472-56","https://www.dm.de/pflege-und-parfum/gesichtspflege/serum-und-kur","","Hyaluron Konzentrat, 50 ml","33,95 €","Marke: JUNGLÜCK; Produktname: Hyaluron Konzentrat, 50 ml; Preis: 33,95 €; Grundpreis: 0,05 l (679,00 € je 1 l); Verfügbarkeit: Status grün Lieferbar, Status grau dm-Markt wählen","0,05 l (679,00 € je 1 l)","JUNGLÜCK","(5)","Lieferbar","dm-Markt wählen","","https://products.dm-static.com/images/f_auto,q_auto,c_fit,h_320,w_320/v1782515331/assets/pas/images/f695db35-3725-4fbb-93fa-57776e6b3d9d/junglueck-hyaluron-konzentrat","","https://assets.dm.de/om/review-ui/assets/stars/StarEmpty2026.svg","https://assets.dm.de/om/review-ui/assets/stars/StarFilled2026.svg","https://assets.dm.de/om/review-ui/assets/stars/StarFilled2026.svg","https://assets.dm.de/om/review-ui/assets/stars/StarFilled2026.svg",""
"1786131472-57","https://www.dm.de/pflege-und-parfum/gesichtspflege/serum-und-kur","","Serum Rice + Alpha Arbutin, 30 ml","16,95 €","Marke: Beauty of Joseon; Produktname: Serum Rice + Alpha Arbutin, 30 ml; Preis: 16,95 €; Grundpreis: 0,03 l (565,00 € je 1 l); Limitierte Editition Grafik, Nur Online Grafik; Verfügbarkeit: Status grün Lieferbar, Status rot Alle dm-Märkte","0,03 l (565,00 € je 1 l)","Beauty of Joseon","(6)","Lieferbar","","Hinweise","https://products.dm-static.com/images/f_auto,q_auto,c_fit,h_320,w_320/v1755020432/assets/pas/images/5b5236d3-79a8-4972-80f0-72e2a582709d/beauty-of-joseon-serum-rice-alpha-arbutin","https://products.dm-static.com/images/f_auto,q_auto,c_fit,w_150/v1782815005/assets/mp/highlight-graphics/media_highlight_graphic_promotion_de_de/media_highlight_graphic_promotion_de_de","","https://assets.dm.de/om/review-ui/assets/stars/StarFilled2026.svg","https://products.dm-static.com/images/f_auto,q_auto,c_fit,w_150/v1782814967/assets/mp/highlight-graphics/media_highlight_graphic_os_exclusive_de_de/media_highlight_graphic_os_exclusive_de_de","https://assets.dm.de/om/review-ui/assets/stars/StarFilled2026.svg",""
"1786131472-58","https://www.dm.de/pflege-und-parfum/gesichtspflege/serum-und-kur","","Anti-Aging Gesichtsserum Le Duo mit Kollagen..., 30 ml","24,95 €","Marke: L'ORÉAL PARiS; Produktname: Anti-Aging Gesichtsserum Le Duo mit Kollagen Peptid, Vitamin B3 und C, 30 ml; Preis: 24,95 €; Grundpreis: 0,03 l (831,67 € je 1 l); Verfügbarkeit: Status grün Lieferbar, Status grau dm-Markt wählen","0,03 l (831,67 € je 1 l)","L'ORÉAL PARiS","(5406)","Lieferbar","dm-Markt wählen","Hinweise","https://products.dm-static.com/images/f_auto,q_auto,c_fit,h_320,w_320/v1762210079/assets/pas/images/c006fdc3-f827-4bdd-b60c-ce0caf8598c7/l-oreal-paris-anti-aging-gesichtsserum-le-duo-mit-kollagen-peptid-vitamin-b3-und-c","","","https://assets.dm.de/om/review-ui/assets/stars/StarFilled2026.svg","https://assets.dm.de/om/review-ui/assets/stars/StarFilled2026.svg","https://assets.dm.de/om/review-ui/assets/stars/StarFilled2026.svg",""
"1786131472-59","https://www.dm.de/pflege-und-parfum/gesichtspflege/serum-und-kur","","Gesichtsöl Vital 7-fach, 30 ml","3,95 €","Marke: Balea; Produktname: Gesichtsöl Vital 7-fach, 30 ml; Preis: 3,95 €; Grundpreis: 0,03 l (131,67 € je 1 l); Marke von dm Grafik; Verfügbarkeit: Status grün Lieferbar, Status grau dm-Markt wählen","0,03 l (131,67 € je 1 l)","Balea","(120)","Lieferbar","dm-Markt wählen","Hinweise","https://products.dm-static.com/images/f_auto,q_auto,c_fit,h_320,w_320/v1774604420/assets/pas/images/297b222a-d877-4eba-896a-76bf8f646962/balea-gesichtsoel-vital-7-fach","https://products.dm-static.com/images/f_auto,q_auto,c_fit,w_150/v1782977607/assets/mp/highlight-graphics/media_highlight_graphic_dm_brand_de_de/media_highlight_graphic_dm_brand_de_de","","https://assets.dm.de/om/review-ui/assets/stars/StarFilled2026.svg","https://assets.dm.de/om/review-ui/assets/stars/StarFilled2026.svg","https://assets.dm.de/om/review-ui/assets/stars/StarFilled2026.svg",""
"1786131472-60","https://www.dm.de/pflege-und-parfum/gesichtspflege/serum-und-kur","","Serum Barrier+, 30 ml","4,95 €","Marke: alverde NATURKOSMETIK; Produktname: Serum Barrier+, 30 ml; Preis: 4,95 €; Grundpreis: 0,03 l (165,00 € je 1 l); Marke von dm Grafik; Verfügbarkeit: Status grün Lieferbar, Status grau dm-Markt wählen","0,03 l (165,00 € je 1 l)","alverde NATURKOSMETIK","(91)","Lieferbar","dm-Markt wählen","Hinweise","https://products.dm-static.com/images/f_auto,q_auto,c_fit,h_320,w_320/v1773184049/assets/pas/images/981590e0-8fd4-4a1d-8b49-ceeaf1c7f1de/alverde-naturkosmetik-serum-barrier","https://products.dm-static.com/images/f_auto,q_auto,c_fit,w_150/v1782977607/assets/mp/highlight-graphics/media_highlight_graphic_dm_brand_de_de/media_highlight_graphic_dm_brand_de_de","","https://assets.dm.de/om/review-ui/assets/stars/StarFilled2026.svg","https://assets.dm.de/om/review-ui/assets/stars/StarFilled2026.svg","https://assets.dm.de/om/review-ui/assets/stars/StarFilled2026.svg",""
"1786131472-61","https://www.dm.de/pflege-und-parfum/gesichtspflege/serum-und-kur","","Anti Pigmentflecken Konzentrat Vital, 20 ml","2,95 €","Marke: Balea; Produktname: Anti Pigmentflecken Konzentrat Vital, 20 ml; Preis: 2,95 €; Grundpreis: 0,02 l (147,50 € je 1 l); Marke von dm Grafik; Verfügbarkeit: Status grün Lieferbar, Status grau dm-Markt wählen","0,02 l (147,50 € je 1 l)","Balea","(92)","Lieferbar","dm-Markt wählen","Hinweise","https://products.dm-static.com/images/f_auto,q_auto,c_fit,h_320,w_320/v1774606798/assets/pas/images/4eb001ab-2b14-49b3-bbb2-10ec8155338b/balea-anti-pigmentflecken-konzentrat-vital","https://products.dm-static.com/images/f_auto,q_auto,c_fit,w_150/v1782977607/assets/mp/highlight-graphics/media_highlight_graphic_dm_brand_de_de/media_highlight_graphic_dm_brand_de_de","https://assets.dm.de/om/review-ui/assets/stars/StarEmpty2026.svg","https://assets.dm.de/om/review-ui/assets/stars/StarFilled2026.svg","https://assets.dm.de/om/review-ui/assets/stars/StarFilled2026.svg","https://assets.dm.de/om/review-ui/assets/stars/StarFilled2026.svg",""
"1786131472-62","https://www.dm.de/pflege-und-parfum/gesichtspflege/serum-und-kur","","Serum Pore Minimizing, 20 ml","12,95 €","Marke: NØ cosmetics; Produktname: Serum Pore Minimizing, 20 ml; Preis: 12,95 €; Grundpreis: 0,02 l (647,50 € je 1 l); Verfügbarkeit: Status grün Lieferbar, Status grau dm-Markt wählen","0,02 l (647,50 € je 1 l)","NØ cosmetics","(132)","Lieferbar","dm-Markt wählen","","https://products.dm-static.com/images/f_auto,q_auto,c_fit,h_320,w_320/v1750928470/assets/pas/images/bc2cc3ff-de46-43ff-829b-afef1d0d59d9/no-cosmetics-serum-pore-minimizing","","","https://assets.dm.de/om/review-ui/assets/stars/StarFilled2026.svg","https://assets.dm.de/om/review-ui/assets/stars/StarFilled2026.svg","https://assets.dm.de/om/review-ui/assets/stars/StarFilled2026.svg",""
"1786131472-63","https://www.dm.de/pflege-und-parfum/gesichtspflege/serum-und-kur","","Serum Anti-Falten blauer Enzian & Edelweiss, 30 ml","26,95 €","Marke: WELEDA; Produktname: Serum Anti-Falten blauer Enzian & Edelweiss, 30 ml; Preis: 26,95 €; Grundpreis: 0,03 l (898,33 € je 1 l); Verfügbarkeit: Status grün Lieferbar, Status grau dm-Markt wählen","0,03 l (898,33 € je 1 l)","WELEDA","(93)","Lieferbar","dm-Markt wählen","","https://products.dm-static.com/images/f_auto,q_auto,c_fit,h_320,w_320/v1773181251/assets/pas/images/1ad56551-ae70-4448-a419-9186522e6f70/weleda-serum-anti-falten-blauer-enzian-und-edelweiss","","","https://assets.dm.de/om/review-ui/assets/stars/StarFilled2026.svg","https://assets.dm.de/om/review-ui/assets/stars/StarFilled2026.svg","https://assets.dm.de/om/review-ui/assets/stars/StarFilled2026.svg",""
"1786131472-64","https://www.dm.de/pflege-und-parfum/gesichtspflege/serum-und-kur","","Gesichtsserum Drops Glow, 30 ml","11,95 €","Marke: WELEDA; Produktname: Gesichtsserum Drops Glow, 30 ml; Preis: 11,95 €; Grundpreis: 0,03 l (398,33 € je 1 l); Verfügbarkeit: Status grün Lieferbar, Status grau dm-Markt wählen","0,03 l (398,33 € je 1 l)","WELEDA","(127)","Lieferbar","dm-Markt wählen","Hinweise","https://products.dm-static.com/images/f_auto,q_auto,c_fit,h_320,w_320/v1784411197/assets/pas/images/2b150911-a7c2-48fa-b507-638262d0268e/weleda-gesichtsserum-drops-glow","","","https://assets.dm.de/om/review-ui/assets/stars/StarFilled2026.svg","https://assets.dm.de/om/review-ui/assets/stars/StarFilled2026.svg","https://assets.dm.de/om/review-ui/assets/stars/StarFilled2026.svg",""
"1786131472-65","https://www.dm.de/pflege-und-parfum/gesichtspflege/serum-und-kur","","Serum Collagen Bank 15% Vitamin C, 15 ml","12,95 €","Marke: Neutrogena; Produktname: Serum Collagen Bank 15% Vitamin C, 15 ml; Preis: 12,95 €; Grundpreis: 0,015 l (863,33 € je 1 l); Neues Produkt Grafik; Verfügbarkeit: Status grün Lieferbar, Status grau dm-Markt wählen","0,015 l (863,33 € je 1 l)","Neutrogena","(121)","Lieferbar","dm-Markt wählen","Hinweise","https://products.dm-static.com/images/f_auto,q_auto,c_fit,h_320,w_320/v1779062507/assets/pas/images/a36611f1-e06a-454b-b8bc-abdab2033427/neutrogena-serum-collagen-bank-15-prozent-vitamin-c","https://products.dm-static.com/images/f_auto,q_auto,c_fit,w_150/v1782806804/assets/mp/highlight-graphics/media_highlight_graphic_new_de_de/media_highlight_graphic_new_de_de","","https://assets.dm.de/om/review-ui/assets/stars/StarFilled2026.svg","https://assets.dm.de/om/review-ui/assets/stars/StarFilled2026.svg","https://assets.dm.de/om/review-ui/assets/stars/StarFilled2026.svg",""
"1786131472-66","https://www.dm.de/pflege-und-parfum/gesichtspflege/serum-und-kur","","Gesichtsserum, 30 ml","6,95 €","Marke: alverde Naturschön; Produktname: Gesichtsserum, 30 ml; Preis: 6,95 €; Grundpreis: 0,03 l (231,67 € je 1 l); Marke von dm Grafik; Verfügbarkeit: Status grün Lieferbar, Status grau dm-Markt wählen","0,03 l (231,67 € je 1 l)","alverde Naturschön","(168)","Lieferbar","dm-Markt wählen","","https://products.dm-static.com/images/f_auto,q_auto,c_fit,h_320,w_320/v1782389610/assets/pas/images/5b425e2d-7cdd-4341-af82-c19a5f3bfeeb/alverde-naturschoen-gesichtsserum","https://products.dm-static.com/images/f_auto,q_auto,c_fit,w_150/v1782977607/assets/mp/highlight-graphics/media_highlight_graphic_dm_brand_de_de/media_highlight_graphic_dm_brand_de_de","","https://assets.dm.de/om/review-ui/assets/stars/StarFilled2026.svg","https://assets.dm.de/om/review-ui/assets/stars/StarFilled2026.svg","https://assets.dm.de/om/review-ui/assets/stars/StarFilled2026.svg",""
"1786131472-67","https://www.dm.de/pflege-und-parfum/gesichtspflege/serum-und-kur","","Feuchtigkeitsserum Ceramide Repair Moisturizer, 30 ml","17,95 €","Marke: Transparent Lab; Produktname: Feuchtigkeitsserum Ceramide Repair Moisturizer, 30 ml; Preis: 17,95 €; Grundpreis: 0,03 l (598,33 € je 1 l); Nur Online Grafik; Verfügbarkeit: Status grün Lieferbar, Status rot Alle dm-Märkte","0,03 l (598,33 € je 1 l)","Transparent Lab","(12)","Lieferbar","","","https://products.dm-static.com/images/f_auto,q_auto,c_fit,h_320,w_320/v1747524391/assets/pas/images/b280c524-0806-495a-8838-7fc501e6d733/transparent-lab-feuchtigkeitsserum-ceramide-repair-moisturizer","https://products.dm-static.com/images/f_auto,q_auto,c_fit,w_150/v1782814967/assets/mp/highlight-graphics/media_highlight_graphic_os_exclusive_de_de/media_highlight_graphic_os_exclusive_de_de","","https://assets.dm.de/om/review-ui/assets/stars/StarFilled2026.svg","https://assets.dm.de/om/review-ui/assets/stars/StarFilled2026.svg","https://assets.dm.de/om/review-ui/assets/stars/StarFilled2026.svg",""
"1786131472-68","https://www.dm.de/pflege-und-parfum/gesichtspflege/serum-und-kur","","Gesichtsöl Bio-Karotte, 30 ml","4,45 €","Marke: alverde NATURKOSMETIK; Produktname: Gesichtsöl Bio-Karotte, 30 ml; Preis: 4,45 €; Grundpreis: 0,03 l (148,33 € je 1 l); Marke von dm Grafik; Verfügbarkeit: Status grün Lieferbar, Status grau dm-Markt wählen","0,03 l (148,33 € je 1 l)","alverde NATURKOSMETIK","(66)","Lieferbar","dm-Markt wählen","","https://products.dm-static.com/images/f_auto,q_auto,c_fit,h_320,w_320/v1772151603/assets/pas/images/f6049718-ecd8-4100-97ef-73a146db34b3/alverde-naturkosmetik-gesichtsoel-bio-karotte","https://products.dm-static.com/images/f_auto,q_auto,c_fit,w_150/v1782977607/assets/mp/highlight-graphics/media_highlight_graphic_dm_brand_de_de/media_highlight_graphic_dm_brand_de_de","","https://assets.dm.de/om/review-ui/assets/stars/StarFilled2026.svg","https://assets.dm.de/om/review-ui/assets/stars/StarFilled2026.svg","https://assets.dm.de/om/review-ui/assets/stars/StarFilled2026.svg",""
"1786131472-69","https://www.dm.de/pflege-und-parfum/gesichtspflege/serum-und-kur","","Gesichtsserum Drops Slow Aging, 30 ml","11,95 €","Marke: WELEDA; Produktname: Gesichtsserum Drops Slow Aging, 30 ml; Preis: 11,95 €; Grundpreis: 0,03 l (398,33 € je 1 l); Verfügbarkeit: Status grün Lieferbar, Status grau dm-Markt wählen","0,03 l (398,33 € je 1 l)","WELEDA","(121)","Lieferbar","dm-Markt wählen","","https://products.dm-static.com/images/f_auto,q_auto,c_fit,h_320,w_320/v1784411023/assets/pas/images/05d7effd-937c-4682-8342-62eb9bc018fe/weleda-gesichtsserum-drops-slow-aging","","","https://assets.dm.de/om/review-ui/assets/stars/StarFilled2026.svg","https://assets.dm.de/om/review-ui/assets/stars/StarFilled2026.svg","https://assets.dm.de/om/review-ui/assets/stars/StarFilled2026.svg",""
"1786131472-70","https://www.dm.de/pflege-und-parfum/gesichtspflege/serum-und-kur","","Gesichtsserum All-in Barrier, 20 ml","16,95 €","Marke: NØ cosmetics; Produktname: Gesichtsserum All-in Barrier, 20 ml; Preis: 16,95 €; Grundpreis: 0,02 l (847,50 € je 1 l); Verfügbarkeit: Status grün Lieferbar, Status grau dm-Markt wählen","0,02 l (847,50 € je 1 l)","NØ cosmetics","(20)","Lieferbar","dm-Markt wählen","","https://products.dm-static.com/images/f_auto,q_auto,c_fit,h_320,w_320/v1759959440/assets/pas/images/f10c0f4c-f481-417f-8b34-d081a95b56e1/no-cosmetics-gesichtsserum-all-in-barrier","","https://assets.dm.de/om/review-ui/assets/stars/StarEmpty2026.svg","https://assets.dm.de/om/review-ui/assets/stars/StarFilled2026.svg","https://assets.dm.de/om/review-ui/assets/stars/StarFilled2026.svg","https://assets.dm.de/om/review-ui/assets/stars/StarFilled2026.svg",""
"1786131472-71","https://www.dm.de/pflege-und-parfum/gesichtspflege/serum-und-kur","","Gesichtsserum Vital Intensiv, 30 ml","3,45 €","Marke: Balea; Produktname: Gesichtsserum Vital Intensiv, 30 ml; Preis: 3,45 €; Grundpreis: 0,03 l (115,00 € je 1 l); Marke von dm Grafik; Verfügbarkeit: Status grün Lieferbar, Status grau dm-Markt wählen","0,03 l (115,00 € je 1 l)","Balea","(94)","Lieferbar","dm-Markt wählen","","https://products.dm-static.com/images/f_auto,q_auto,c_fit,h_320,w_320/v1782340461/assets/pas/images/ceef17ac-dda9-4eae-bf8a-8df01bf5f1b6/balea-gesichtsserum-vital-intensiv","https://products.dm-static.com/images/f_auto,q_auto,c_fit,w_150/v1782977607/assets/mp/highlight-graphics/media_highlight_graphic_dm_brand_de_de/media_highlight_graphic_dm_brand_de_de","https://assets.dm.de/om/review-ui/assets/stars/StarEmpty2026.svg","https://assets.dm.de/om/review-ui/assets/stars/StarFilled2026.svg","https://assets.dm.de/om/review-ui/assets/stars/StarFilled2026.svg","https://assets.dm.de/om/review-ui/assets/stars/StarFilled2026.svg",""
"1786131472-72","https://www.dm.de/pflege-und-parfum/gesichtspflege/serum-und-kur","","Serum Revitalift Clinical Vitamin C & Vitamin E, 30 ml","19,95 €","Marke: L'ORÉAL PARiS REVITALIFT; Produktname: Serum Revitalift Clinical Vitamin C & Vitamin E, 30 ml; Preis: 19,95 €; Grundpreis: 0,03 l (665,00 € je 1 l); Verfügbarkeit: Status grün Lieferbar, Status grau dm-Markt wählen","0,03 l (665,00 € je 1 l)","L'ORÉAL PARiS REVITALIFT","(2269)","Lieferbar","dm-Markt wählen","Hinweise","https://products.dm-static.com/images/f_auto,q_auto,c_fit,h_320,w_320/v1747415800/assets/pas/images/294f83ce-f127-4dbe-b47c-b576cbdcac39/l-oreal-paris-revitalift-serum-revitalift-clinical-vitamin-c-und-vitamin-e","","","https://assets.dm.de/om/review-ui/assets/stars/StarFilled2026.svg","https://assets.dm.de/om/review-ui/assets/stars/StarFilled2026.svg","https://assets.dm.de/om/review-ui/assets/stars/StarFilled2026.svg",""
"1786131472-73","https://www.dm.de/pflege-und-parfum/gesichtspflege/serum-und-kur","","Serum Madagascar Centella Ampoule, 0,055 l","14,95 €","Marke: SKIN1004; Produktname: Serum Madagascar Centella Ampoule, 0,055 l; Preis: 14,95 €; Grundpreis: 0,055 l (271,82 € je 1 l); Nur Online Grafik; Verfügbarkeit: Status grün Lieferbar, Status rot Alle dm-Märkte","0,055 l (271,82 € je 1 l)","SKIN1004","(5)","Lieferbar","","Hinweise","https://products.dm-static.com/images/f_auto,q_auto,c_fit,h_320,w_320/v1771974767/assets/pas/images/24b01442-90a1-496a-96aa-d2d45eaaf674/skin1004-serum-madagascar-centella-ampoule","https://products.dm-static.com/images/f_auto,q_auto,c_fit,w_150/v1782814967/assets/mp/highlight-graphics/media_highlight_graphic_os_exclusive_de_de/media_highlight_graphic_os_exclusive_de_de","https://assets.dm.de/om/review-ui/assets/stars/StarEmpty2026.svg","https://assets.dm.de/om/review-ui/assets/stars/StarFilled2026.svg","https://assets.dm.de/om/review-ui/assets/stars/StarFilled2026.svg","https://assets.dm.de/om/review-ui/assets/stars/StarFilled2026.svg",""
"1786131472-74","https://www.dm.de/pflege-und-parfum/gesichtspflege/serum-und-kur","","Anti-Aging Laser Serum mit Tri-Peptiden,..., 30 ml","19,95 €","Marke: L'ORÉAL PARiS REVITALIFT; Produktname: Anti-Aging Laser Serum mit Tri-Peptiden, Hyaluronsäure und Vitamin C, 30 ml; Preis: 19,95 €; Grundpreis: 0,03 l (665,00 € je 1 l); Verfügbarkeit: Status grün Lieferbar, Status grau dm-Markt wählen","0,03 l (665,00 € je 1 l)","L'ORÉAL PARiS REVITALIFT","(513)","Lieferbar","dm-Markt wählen","Hinweise","https://products.dm-static.com/images/f_auto,q_auto,c_fit,h_320,w_320/v1757718035/assets/pas/images/5951edf1-2e68-4ef0-bc07-d68bbb6d85e6/l-oreal-paris-revitalift-anti-aging-laser-serum-mit-tri-peptiden-hyaluronsaeure-und-vitamin-c","","","https://assets.dm.de/om/review-ui/assets/stars/StarFilled2026.svg","https://assets.dm.de/om/review-ui/assets/stars/StarFilled2026.svg","https://assets.dm.de/om/review-ui/assets/stars/StarFilled2026.svg",""
"1786131472-75","https://www.dm.de/pflege-und-parfum/gesichtspflege/serum-und-kur","","Hyaluron Serum Aqua Intense, 30 ml","20,95 €","Marke: M. Asam; Produktname: Hyaluron Serum Aqua Intense, 30 ml; Preis: 20,95 €; Grundpreis: 0,03 l (698,33 € je 1 l); Verfügbarkeit: Status grün Lieferbar, Status grau dm-Markt wählen","0,03 l (698,33 € je 1 l)","M. Asam","(73)","Lieferbar","dm-Markt wählen","Hinweise","https://products.dm-static.com/images/f_auto,q_auto,c_fit,h_320,w_320/v1754960864/assets/pas/images/5a5acd78-9987-45b4-bdba-22d921ca6de8/m-asam-hyaluron-serum-aqua-intense","","","https://assets.dm.de/om/review-ui/assets/stars/StarFilled2026.svg","https://assets.dm.de/om/review-ui/assets/stars/StarFilled2026.svg","https://assets.dm.de/om/review-ui/assets/stars/StarFilled2026.svg",""
"1786131472-76","https://www.dm.de/pflege-und-parfum/gesichtspflege/serum-und-kur","","Anti Age Gesichtsserum Revitalift Laser Dreifach..., 50 ml","19,95 €","Marke: L'ORÉAL PARiS; Produktname: Anti Age Gesichtsserum Revitalift Laser Dreifach Laser, 50 ml; Preis: 19,95 €; Grundpreis: 0,05 l (399,00 € je 1 l); Verfügbarkeit: Status grün Lieferbar, Status grau dm-Markt wählen","0,05 l (399,00 € je 1 l)","L'ORÉAL PARiS","(420)","Lieferbar","dm-Markt wählen","Hinweise","https://products.dm-static.com/images/f_auto,q_auto,c_fit,h_320,w_320/v1776808913/assets/pas/images/f02cb890-64e1-4428-961e-28238afbe5b4/l-oreal-paris-anti-age-gesichtsserum-revitalift-laser-dreifach-laser","","","https://assets.dm.de/om/review-ui/assets/stars/StarFilled2026.svg","https://assets.dm.de/om/review-ui/assets/stars/StarFilled2026.svg","https://assets.dm.de/om/review-ui/assets/stars/StarFilled2026.svg",""
"1786131472-77","https://www.dm.de/pflege-und-parfum/gesichtspflege/serum-und-kur","","Serum Kollagen, 30 ml","","Marke: judith williams COSMETICS; Produktname: Serum Kollagen, 30 ml; Preis: 9,95 €; Grundpreis: 0,03 l (331,67 € je 1 l); Ausverkauf Grafik; Verfügbarkeit: Status grün Lieferbar, Status grau dm-Markt wählen","0,03 l (331,67 € je 1 l)","judith williams COSMETICS","(117)","Lieferbar","dm-Markt wählen","","https://products.dm-static.com/images/f_auto,q_auto,c_fit,h_320,w_320/v1765579068/assets/pas/images/3d7824f4-5203-417b-ae02-b766e89cd8a2/judith-williams-cosmetics-serum-kollagen","https://products.dm-static.com/images/f_auto,q_auto,c_fit,w_150/v1782815050/assets/mp/highlight-graphics/media_highlight_graphic_sale_de_de/media_highlight_graphic_sale_de_de","","https://assets.dm.de/om/review-ui/assets/stars/StarFilled2026.svg","https://assets.dm.de/om/review-ui/assets/stars/StarFilled2026.svg","https://assets.dm.de/om/review-ui/assets/stars/StarFilled2026.svg",""
"1786131472-78","https://www.dm.de/pflege-und-parfum/gesichtspflege/serum-und-kur","","Gesichtsserum Drops Pore Refining, 30 ml","11,95 €","Marke: WELEDA; Produktname: Gesichtsserum Drops Pore Refining, 30 ml; Preis: 11,95 €; Grundpreis: 0,03 l (398,33 € je 1 l); Verfügbarkeit: Status grün Lieferbar, Status grau dm-Markt wählen","0,03 l (398,33 € je 1 l)","WELEDA","(130)","Lieferbar","dm-Markt wählen","","https://products.dm-static.com/images/f_auto,q_auto,c_fit,h_320,w_320/v1784411067/assets/pas/images/1e9f246c-bc0a-464f-ad43-4aa4506a34dd/weleda-gesichtsserum-drops-pore-refining","","","https://assets.dm.de/om/review-ui/assets/stars/StarFilled2026.svg","https://assets.dm.de/om/review-ui/assets/stars/StarFilled2026.svg","https://assets.dm.de/om/review-ui/assets/stars/StarFilled2026.svg",""
"1786131472-79","https://www.dm.de/pflege-und-parfum/gesichtspflege/serum-und-kur","","Zellschutz-Serum Skin Longevity, 30 ml","18,95 €","Marke: lavera NATURKOSMETIK; Produktname: Zellschutz-Serum Skin Longevity, 30 ml; Preis: 18,95 €; Grundpreis: 0,03 l (631,67 € je 1 l); Verfügbarkeit: Status grün Lieferbar, Status grau dm-Markt wählen","0,03 l (631,67 € je 1 l)","lavera NATURKOSMETIK","(238)","Lieferbar","dm-Markt wählen","","https://products.dm-static.com/images/f_auto,q_auto,c_fit,h_320,w_320/v1772531649/assets/pas/images/85a64b4d-b568-4928-8f73-76e4873ecd9c/lavera-naturkosmetik-zellschutz-serum-skin-longevity","","","https://assets.dm.de/om/review-ui/assets/stars/StarFilled2026.svg","https://assets.dm.de/om/review-ui/assets/stars/StarFilled2026.svg","https://assets.dm.de/om/review-ui/assets/stars/StarFilled2026.svg",""
"1786131472-80","https://www.dm.de/pflege-und-parfum/gesichtspflege/serum-und-kur","","Gesichtsöl Karotten-Öl mit Q10, 30 ml","3,95 €","Marke: Diaderma; Produktname: Gesichtsöl Karotten-Öl mit Q10, 30 ml; Preis: 3,95 €; Grundpreis: 0,03 l (131,67 € je 1 l); Verfügbarkeit: Status grün Lieferbar, Status grau dm-Markt wählen","0,03 l (131,67 € je 1 l)","Diaderma","(153)","Lieferbar","dm-Markt wählen","","https://products.dm-static.com/images/f_auto,q_auto,c_fit,h_320,w_320/v1783745438/assets/pas/images/8bff04c4-29ef-4e50-a263-da24b65a1609/diaderma-gesichtsoel-karotten-oel-mit-q10","","https://assets.dm.de/om/review-ui/assets/stars/StarEmpty2026.svg","https://assets.dm.de/om/review-ui/assets/stars/StarFilled2026.svg","https://assets.dm.de/om/review-ui/assets/stars/StarFilled2026.svg","https://assets.dm.de/om/review-ui/assets/stars/StarFilled2026.svg",""
"1786131472-81","https://www.dm.de/pflege-und-parfum/gesichtspflege/serum-und-kur","","Gesichtsserum ABC Glow Whipped, 100 ml","23,95 €","Marke: Dr. Althea; Produktname: Gesichtsserum ABC Glow Whipped, 100 ml; Preis: 23,95 €; Grundpreis: 0,1 l (239,50 € je 1 l); Limitierte Editition Grafik; Verfügbarkeit: Status grün Lieferbar, Status grau dm-Markt wählen","0,1 l (239,50 € je 1 l)","Dr. Althea","(0)","Lieferbar","dm-Markt wählen","","https://products.dm-static.com/images/f_auto,q_auto,c_fit,h_320,w_320/v1774913270/assets/pas/images/bdeb4f3d-5a5c-49b8-a0e6-fa9ba458cb61/dr-althea-gesichtsserum-abc-glow-whipped","https://products.dm-static.com/images/f_auto,q_auto,c_fit,w_150/v1782815005/assets/mp/highlight-graphics/media_highlight_graphic_promotion_de_de/media_highlight_graphic_promotion_de_de","https://assets.dm.de/om/review-ui/assets/stars/StarEmpty2026.svg","https://assets.dm.de/om/review-ui/assets/stars/StarEmpty2026.svg","https://assets.dm.de/om/review-ui/assets/stars/StarEmpty2026.svg","https://assets.dm.de/om/review-ui/assets/stars/StarEmpty2026.svg",""
"1786131472-82","https://www.dm.de/pflege-und-parfum/gesichtspflege/serum-und-kur","","Anti-Pickel-SOS-Serum Clear Heilerde & Grüntee, 15 ml","2,95 €","Marke: alverde NATURKOSMETIK; Produktname: Anti-Pickel-SOS-Serum Clear Heilerde & Grüntee, 15 ml; Preis: 2,95 €; Grundpreis: 0,015 l (196,67 € je 1 l); Marke von dm Grafik; Verfügbarkeit: Status grün Lieferbar, Status grau dm-Markt wählen","0,015 l (196,67 € je 1 l)","alverde NATURKOSMETIK","(132)","Lieferbar","dm-Markt wählen","","https://products.dm-static.com/images/f_auto,q_auto,c_fit,h_320,w_320/v1773534527/assets/pas/images/991120ad-a2e0-4a63-8887-9e21e1af6826/alverde-naturkosmetik-anti-pickel-sos-serum-clear-heilerde-und-gruentee","https://products.dm-static.com/images/f_auto,q_auto,c_fit,w_150/v1782977607/assets/mp/highlight-graphics/media_highlight_graphic_dm_brand_de_de/media_highlight_graphic_dm_brand_de_de","https://assets.dm.de/om/review-ui/assets/stars/StarEmpty2026.svg","https://assets.dm.de/om/review-ui/assets/stars/StarFilled2026.svg","https://assets.dm.de/om/review-ui/assets/stars/StarFilled2026.svg","https://assets.dm.de/om/review-ui/assets/stars/StarFilled2026.svg",""
"1786131472-83","https://www.dm.de/pflege-und-parfum/gesichtspflege/serum-und-kur","","Serum Anti Falten Experte Q10 gezielter..., 15 ml","14,75 €","Marke: NIVEA; Produktname: Serum Anti Falten Experte Q10 gezielter Falten-Auffüller, 15 ml; Preis: 14,75 €; Grundpreis: 0,015 l (983,33 € je 1 l); Verfügbarkeit: Status grün Lieferbar, Status grau dm-Markt wählen","0,015 l (983,33 € je 1 l)","NIVEA","(885)","Lieferbar","dm-Markt wählen","Hinweise","https://products.dm-static.com/images/f_auto,q_auto,c_fit,h_320,w_320/v1754953840/assets/pas/images/112f0110-e660-4f8f-a3cc-fccdd36c8c81/nivea-serum-anti-falten-experte-q10-gezielter-falten-auffueller","","","https://assets.dm.de/om/review-ui/assets/stars/StarFilled2026.svg","https://assets.dm.de/om/review-ui/assets/stars/StarFilled2026.svg","https://assets.dm.de/om/review-ui/assets/stars/StarFilled2026.svg",""
"1786131472-84","https://www.dm.de/pflege-und-parfum/gesichtspflege/serum-und-kur","","SØS Spot Treatment, 15 ml","9,95 €","Marke: NØ cosmetics; Produktname: SØS Spot Treatment, 15 ml; Preis: 9,95 €; Grundpreis: 0,015 l (663,33 € je 1 l); Verfügbarkeit: Status grün Lieferbar, Status grau dm-Markt wählen","0,015 l (663,33 € je 1 l)","NØ cosmetics","(88)","Lieferbar","dm-Markt wählen","","https://products.dm-static.com/images/f_auto,q_auto,c_fit,h_320,w_320/v1747493403/assets/pas/images/42020b87-4091-4947-adc6-b4aeb7628d67/no-cosmetics-sos-spot-treatment","","https://assets.dm.de/om/review-ui/assets/stars/StarEmpty2026.svg","https://assets.dm.de/om/review-ui/assets/stars/StarFilled2026.svg","https://assets.dm.de/om/review-ui/assets/stars/StarFilled2026.svg","https://assets.dm.de/om/review-ui/assets/stars/StarFilled2026.svg",""
"1786131472-85","https://www.dm.de/pflege-und-parfum/gesichtspflege/serum-und-kur","","Anti Falten Serum Intensiv Argan, 30 ml","8,45 €","Marke: Dr. Scheller; Produktname: Anti Falten Serum Intensiv Argan, 30 ml; Preis: 8,45 €; Grundpreis: 0,03 l (281,67 € je 1 l); Verfügbarkeit: Status grün Lieferbar, Status grau dm-Markt wählen","0,03 l (281,67 € je 1 l)","Dr. Scheller","(61)","Lieferbar","dm-Markt wählen","","https://products.dm-static.com/images/f_auto,q_auto,c_fit,h_320,w_320/v1747446488/assets/pas/images/7ade5458-358e-4a9e-8e70-427220b1bf3b/dr-scheller-anti-falten-serum-intensiv-argan","","","https://assets.dm.de/om/review-ui/assets/stars/StarFilled2026.svg","https://assets.dm.de/om/review-ui/assets/stars/StarFilled2026.svg","https://assets.dm.de/om/review-ui/assets/stars/StarFilled2026.svg",""
"1786131472-86","https://www.dm.de/pflege-und-parfum/gesichtspflege/serum-und-kur","","Gesichtsessenz Power Essence Advanced Snail 96..., 100 ml","19,95 €","Marke: Cosrx; Produktname: Gesichtsessenz Power Essence Advanced Snail 96 Mucin, 100 ml; Preis: 19,95 €; Grundpreis: 0,1 l (199,50 € je 1 l); Verfügbarkeit: Status grün Lieferbar, Status grau dm-Markt wählen","0,1 l (199,50 € je 1 l)","Cosrx","(12)","Lieferbar","dm-Markt wählen","Hinweise","https://products.dm-static.com/images/f_auto,q_auto,c_fit,h_320,w_320/v1763678720/assets/pas/images/b74ed267-2a3d-44cd-86d9-db7dfd80ed97/cosrx-gesichtsessenz-power-essence-advanced-snail-96-mucin","","","https://assets.dm.de/om/review-ui/assets/stars/StarFilled2026.svg","https://assets.dm.de/om/review-ui/assets/stars/StarFilled2026.svg","https://assets.dm.de/om/review-ui/assets/stars/StarFilled2026.svg",""
"1786131472-87","https://www.dm.de/pflege-und-parfum/gesichtspflege/serum-und-kur","","Serum Bright Anti-Pigmentflecken Blauer Enzian &..., 30 ml","27,95 €","Marke: WELEDA; Produktname: Serum Bright Anti-Pigmentflecken Blauer Enzian & Edelweiss, 30 ml; Preis: 27,95 €; Grundpreis: 0,03 l (931,67 € je 1 l); Verfügbarkeit: Status grün Lieferbar, Status grau dm-Markt wählen","0,03 l (931,67 € je 1 l)","WELEDA","(78)","Lieferbar","dm-Markt wählen","Hinweise","https://products.dm-static.com/images/f_auto,q_auto,c_fit,h_320,w_320/v1759960853/assets/pas/images/5e8f1873-a654-47b7-b089-772a38e92a14/weleda-serum-bright-anti-pigmentflecken-blauer-enzian-und-edelweiss","","","https://assets.dm.de/om/review-ui/assets/stars/StarFilled2026.svg","https://assets.dm.de/om/review-ui/assets/stars/StarFilled2026.svg","https://assets.dm.de/om/review-ui/assets/stars/StarFilled2026.svg",""
"1786131472-88","https://www.dm.de/pflege-und-parfum/gesichtspflege/serum-und-kur","","Konzentrat Reife Haut, 7 St","1,55 €","Marke: Schaebens; Produktname: Konzentrat Reife Haut, 7 St; Preis: 1,55 €; Grundpreis: 7 St (0,22 € je 1 St); Verfügbarkeit: Status grün Lieferbar, Status grau dm-Markt wählen","7 St (0,22 € je 1 St)","Schaebens","(45)","Lieferbar","dm-Markt wählen","","https://products.dm-static.com/f_auto,q_auto,c_fit,h_320,w_320/not-found","","","https://assets.dm.de/om/review-ui/assets/stars/StarFilled2026.svg","https://assets.dm.de/om/review-ui/assets/stars/StarFilled2026.svg","https://assets.dm.de/om/review-ui/assets/stars/StarFilled2026.svg",""
"1786131472-89","https://www.dm.de/pflege-und-parfum/gesichtspflege/serum-und-kur","","Serum Intensivkonzentrat Retinol Science, 30 ml","17,95 €","Marke: judith williams COSMETICS; Produktname: Serum Intensivkonzentrat Retinol Science, 30 ml; Preis: 17,95 €; Grundpreis: 0,03 l (598,33 € je 1 l); Verfügbarkeit: Status grün Lieferbar, Status grau dm-Markt wählen","0,03 l (598,33 € je 1 l)","judith williams COSMETICS","(109)","Lieferbar","dm-Markt wählen","Hinweise","https://products.dm-static.com/images/f_auto,q_auto,c_fit,h_320,w_320/v1753485234/assets/pas/images/25eae307-8552-4cba-9fe7-c2a289382e8a/judith-williams-cosmetics-serum-intensivkonzentrat-retinol-science","","","https://assets.dm.de/om/review-ui/assets/stars/StarFilled2026.svg","https://assets.dm.de/om/review-ui/assets/stars/StarFilled2026.svg","https://assets.dm.de/om/review-ui/assets/stars/StarFilled2026.svg",""
"1786131472-90","https://www.dm.de/pflege-und-parfum/gesichtspflege/serum-und-kur","","Augencreme Anti-Tränensack Laser Sofort..., 15 ml","17,95 €","Marke: L'ORÉAL PARiS; Produktname: Augencreme Anti-Tränensack Laser Sofort Augenlifting, 15 ml; Preis: 17,95 €; Grundpreis: 0,015 l (1.196,67 € je 1 l); Verfügbarkeit: Status grün Lieferbar, Status grau dm-Markt wählen","0,015 l (1.196,67 € je 1 l)","L'ORÉAL PARiS","(658)","Lieferbar","dm-Markt wählen","Hinweise","https://products.dm-static.com/images/f_auto,q_auto,c_fit,h_320,w_320/v1757716735/assets/pas/images/9f699d66-c819-4896-9456-9e8ca9a7ce9b/l-oreal-paris-augencreme-anti-traenensack-laser-sofort-augenlifting","","https://assets.dm.de/om/review-ui/assets/stars/StarEmpty2026.svg","https://assets.dm.de/om/review-ui/assets/stars/StarFilled2026.svg","https://assets.dm.de/om/review-ui/assets/stars/StarFilled2026.svg","https://assets.dm.de/om/review-ui/assets/stars/StarFilled2026.svg",""
"1786131472-91","https://www.dm.de/pflege-und-parfum/gesichtspflege/serum-und-kur","","Serum High-Potency Facelift Booster, 15 ml","27,95 €","Marke: Spilanthox therapy; Produktname: Serum High-Potency Facelift Booster, 15 ml; Preis: 27,95 €; Grundpreis: 0,015 l (1.863,33 € je 1 l); Verfügbarkeit: Status grün Lieferbar, Status grau dm-Markt wählen","0,015 l (1.863,33 € je 1 l)","Spilanthox therapy","(77)","Lieferbar","dm-Markt wählen","","https://products.dm-static.com/images/f_auto,q_auto,c_fit,h_320,w_320/v1747493488/assets/pas/images/624e1f25-d885-4111-9a9b-4e52b8d775eb/spilanthox-therapy-serum-high-potency-facelift-booster","","","https://assets.dm.de/om/review-ui/assets/stars/StarFilled2026.svg","https://assets.dm.de/om/review-ui/assets/stars/StarFilled2026.svg","https://assets.dm.de/om/review-ui/assets/stars/StarFilled2026.svg",""
"1786131472-92","https://www.dm.de/pflege-und-parfum/gesichtspflege/serum-und-kur","","Serum 6 Peptide Skin Booster, 150 ml","24,95 €","Marke: Cosrx; Produktname: Serum 6 Peptide Skin Booster, 150 ml; Preis: 24,95 €; Grundpreis: 0,15 l (166,33 € je 1 l); Nur Online Grafik; Verfügbarkeit: Status grün Lieferbar, Status rot Alle dm-Märkte","0,15 l (166,33 € je 1 l)","Cosrx","(4)","Lieferbar","","Hinweise","https://products.dm-static.com/images/f_auto,q_auto,c_fit,h_320,w_320/v1768868392/assets/pas/images/02f853ae-2c69-471d-bfff-ef563f2f7455/cosrx-serum-6-peptide-skin-booster","https://products.dm-static.com/images/f_auto,q_auto,c_fit,w_150/v1782814967/assets/mp/highlight-graphics/media_highlight_graphic_os_exclusive_de_de/media_highlight_graphic_os_exclusive_de_de","","https://assets.dm.de/om/review-ui/assets/stars/StarFilled2026.svg","https://assets.dm.de/om/review-ui/assets/stars/StarFilled2026.svg","https://assets.dm.de/om/review-ui/assets/stars/StarFilled2026.svg",""
"1786131472-93","https://www.dm.de/pflege-und-parfum/gesichtspflege/serum-und-kur","","Augenserum Magic Care Perfect Eye, 25 ml","23,95 €","Marke: M. Asam; Produktname: Augenserum Magic Care Perfect Eye, 25 ml; Preis: 23,95 €; Grundpreis: 0,025 l (958,00 € je 1 l); Verfügbarkeit: Status grün Lieferbar, Status grau dm-Markt wählen","0,025 l (958,00 € je 1 l)","M. Asam","(39)","Lieferbar","dm-Markt wählen","Hinweise","https://products.dm-static.com/images/f_auto,q_auto,c_fit,h_320,w_320/v1747445689/assets/pas/images/1cae0f0b-47e6-4096-b43b-7e0942f08a29/m-asam-augenserum-magic-care-perfect-eye","","https://assets.dm.de/om/review-ui/assets/stars/StarEmpty2026.svg","https://assets.dm.de/om/review-ui/assets/stars/StarFilled2026.svg","https://assets.dm.de/om/review-ui/assets/stars/StarFilled2026.svg","https://assets.dm.de/om/review-ui/assets/stars/StarFilled2026.svg",""
"1786131472-94","https://www.dm.de/pflege-und-parfum/gesichtspflege/serum-und-kur","","Gesichtsserum Nø flawless tøday Calming Peptide..., 20 ml","15,95 €","Marke: NØ cosmetics; Produktname: Gesichtsserum Nø flawless tøday Calming Peptide Glow, 20 ml; Preis: 15,95 €; Grundpreis: 0,02 l (797,50 € je 1 l); Verfügbarkeit: Status grün Lieferbar, Status grau dm-Markt wählen","0,02 l (797,50 € je 1 l)","NØ cosmetics","(38)","Lieferbar","dm-Markt wählen","Hinweise","https://products.dm-static.com/images/f_auto,q_auto,c_fit,h_320,w_320/v1755126094/assets/pas/images/2df3b429-a6f9-4b04-a23f-7bac7cb95371/no-cosmetics-gesichtsserum-no-flawless-today-calming-peptide-glow","","","https://assets.dm.de/om/review-ui/assets/stars/StarFilled2026.svg","https://assets.dm.de/om/review-ui/assets/stars/StarFilled2026.svg","https://assets.dm.de/om/review-ui/assets/stars/StarFilled2026.svg",""
"1786131472-95","https://www.dm.de/pflege-und-parfum/gesichtspflege/serum-und-kur","","Serum Glow BE YOU, 30 ml","3,75 €","Marke: Balea; Produktname: Serum Glow BE YOU, 30 ml; Preis: 3,75 €; Grundpreis: 0,03 l (125,00 € je 1 l); Marke von dm Grafik; Verfügbarkeit: Status grün Lieferbar, Status grau dm-Markt wählen","0,03 l (125,00 € je 1 l)","Balea","(53)","Lieferbar","dm-Markt wählen","Hinweise","https://products.dm-static.com/images/f_auto,q_auto,c_fit,h_320,w_320/v1769645050/assets/pas/images/b3ffaa9c-ddb3-417a-8974-dd32e0c58154/balea-serum-glow-be-you","https://products.dm-static.com/images/f_auto,q_auto,c_fit,w_150/v1782977607/assets/mp/highlight-graphics/media_highlight_graphic_dm_brand_de_de/media_highlight_graphic_dm_brand_de_de","","https://assets.dm.de/om/review-ui/assets/stars/StarFilled2026.svg","https://assets.dm.de/om/review-ui/assets/stars/StarFilled2026.svg","https://assets.dm.de/om/review-ui/assets/stars/StarFilled2026.svg",""
"1786131472-96","https://www.dm.de/pflege-und-parfum/gesichtspflege/serum-und-kur","","Gesichtsserum Drops Omega, 30 ml","9,95 €","Marke: WELEDA; Produktname: Gesichtsserum Drops Omega, 30 ml; Preis: 9,95 €; Grundpreis: 0,03 l (331,67 € je 1 l); Verfügbarkeit: Status grün Lieferbar, Status grau dm-Markt wählen","0,03 l (331,67 € je 1 l)","WELEDA","(107)","Lieferbar","dm-Markt wählen","","https://products.dm-static.com/images/f_auto,q_auto,c_fit,h_320,w_320/v1784410900/assets/pas/images/615abd02-7a58-4b87-9fdd-ac41cbdecb06/weleda-gesichtsserum-drops-omega","","","https://assets.dm.de/om/review-ui/assets/stars/StarFilled2026.svg","https://assets.dm.de/om/review-ui/assets/stars/StarFilled2026.svg","https://assets.dm.de/om/review-ui/assets/stars/StarFilled2026.svg",""
"1786131472-97","https://www.dm.de/pflege-und-parfum/gesichtspflege/serum-und-kur","","Serum straffend Granatapfel & Maca-Peptide, 30 ml","19,95 €","Marke: WELEDA; Produktname: Serum straffend Granatapfel & Maca-Peptide, 30 ml; Preis: 19,95 €; Grundpreis: 0,03 l (665,00 € je 1 l); Verfügbarkeit: Status grün Lieferbar, Status grau dm-Markt wählen","0,03 l (665,00 € je 1 l)","WELEDA","(96)","Lieferbar","dm-Markt wählen","","https://products.dm-static.com/images/f_auto,q_auto,c_fit,h_320,w_320/v1759958524/assets/pas/images/c817d018-7b5d-416d-b7e9-da7f9f033d5f/weleda-serum-straffend-granatapfel-und-maca-peptide","","","https://assets.dm.de/om/review-ui/assets/stars/StarFilled2026.svg","https://assets.dm.de/om/review-ui/assets/stars/StarFilled2026.svg","https://assets.dm.de/om/review-ui/assets/stars/StarFilled2026.svg",""
"1786131472-98","https://www.dm.de/pflege-und-parfum/gesichtspflege/serum-und-kur","","Konzentrat Kapseln Perfect Skin Glow, 7 St","1,55 €","Marke: Schaebens; Produktname: Konzentrat Kapseln Perfect Skin Glow, 7 St; Preis: 1,55 €; Grundpreis: 7 St (0,22 € je 1 St); Verfügbarkeit: Status grün Lieferbar, Status grau dm-Markt wählen","7 St (0,22 € je 1 St)","Schaebens","(52)","Lieferbar","dm-Markt wählen","","https://products.dm-static.com/images/f_auto,q_auto,c_fit,h_320,w_320/v1766411591/assets/pas/images/c9ad897c-febb-4ea6-8210-78213649080b/schaebens-konzentrat-kapseln-perfect-skin-glow","","","https://assets.dm.de/om/review-ui/assets/stars/StarFilled2026.svg","https://assets.dm.de/om/review-ui/assets/stars/StarFilled2026.svg","https://assets.dm.de/om/review-ui/assets/stars/StarFilled2026.svg",""
"1786131472-99","https://www.dm.de/pflege-und-parfum/gesichtspflege/serum-und-kur","","Geschenkset 101 Hydration Heroes 2 tlg, 1 St","11,85 €","Marke: Geek&Gorgeous; Produktname: Geschenkset 101 Hydration Heroes 2 tlg, 1 St; Preis: 11,85 €; Grundpreis: 1 St (11,85 € je 1 St); Nur Online Grafik; Verfügbarkeit: Status grün Lieferbar, Status rot Alle dm-Märkte","1 St (11,85 € je 1 St)","Geek&Gorgeous","(0)","Lieferbar","","","https://products.dm-static.com/images/f_auto,q_auto,c_fit,h_320,w_320/v1763644011/assets/pas/images/1bb43f6c-ea95-4ddb-8666-e91d16b32c33/geek-und-gorgeous-geschenkset-101-hydration-heroes-2-tlg","https://products.dm-static.com/images/f_auto,q_auto,c_fit,w_150/v1782814967/assets/mp/highlight-graphics/media_highlight_graphic_os_exclusive_de_de/media_highlight_graphic_os_exclusive_de_de","https://assets.dm.de/om/review-ui/assets/stars/StarEmpty2026.svg","https://assets.dm.de/om/review-ui/assets/stars/StarEmpty2026.svg","https://assets.dm.de/om/review-ui/assets/stars/StarEmpty2026.svg","https://assets.dm.de/om/review-ui/assets/stars/StarEmpty2026.svg",""
"1786131472-100","https://www.dm.de/pflege-und-parfum/gesichtspflege/serum-und-kur","","Ampullen Hyaluron Beauty 3x1ml, 3 ml","1,95 €","Marke: Schaebens; Produktname: Ampullen Hyaluron Beauty 3x1ml, 3 ml; Preis: 1,95 €; Verfügbarkeit: Status grün Lieferbar, Status grau dm-Markt wählen","","Schaebens","(72)","Lieferbar","dm-Markt wählen","Hinweise","https://products.dm-static.com/images/f_auto,q_auto,c_fit,h_320,w_320/v1786060051/assets/pas/images/8277bf0e-3e5b-488d-8079-add8ca98fa57/schaebens-ampullen-hyaluron-beauty-3x1ml","","https://assets.dm.de/om/review-ui/assets/stars/StarEmpty2026.svg","https://assets.dm.de/om/review-ui/assets/stars/StarFilled2026.svg","https://assets.dm.de/om/review-ui/assets/stars/StarFilled2026.svg","https://assets.dm.de/om/review-ui/assets/stars/StarFilled2026.svg",""
"1786131472-101","https://www.dm.de/pflege-und-parfum/gesichtspflege/serum-und-kur","","Feuchtigkeitspflege Aqua Intense Mimic Booster, 20 ml","19,95 €","Marke: M. Asam; Produktname: Feuchtigkeitspflege Aqua Intense Mimic Booster, 20 ml; Preis: 19,95 €; Grundpreis: 0,02 l (997,50 € je 1 l); Limitierte Editition Grafik; Verfügbarkeit: Status grün Lieferbar, Status grau dm-Markt wählen","0,02 l (997,50 € je 1 l)","M. Asam","(4)","Lieferbar","dm-Markt wählen","Hinweise","https://products.dm-static.com/images/f_auto,q_auto,c_fit,h_320,w_320/v1762165982/assets/pas/images/b719600f-4b8e-4747-acf5-40a1a5b100ab/m-asam-feuchtigkeitspflege-aqua-intense-mimic-booster","https://products.dm-static.com/images/f_auto,q_auto,c_fit,w_150/v1782815005/assets/mp/highlight-graphics/media_highlight_graphic_promotion_de_de/media_highlight_graphic_promotion_de_de","https://assets.dm.de/om/review-ui/assets/stars/StarEmpty2026.svg","https://assets.dm.de/om/review-ui/assets/stars/StarFilled2026.svg","https://assets.dm.de/om/review-ui/assets/stars/StarFilled2026.svg","https://assets.dm.de/om/review-ui/assets/stars/StarFilled2026.svg",""
"1786131472-102","https://www.dm.de/pflege-und-parfum/gesichtspflege/serum-und-kur","","Serum straffend, 30 ml","18,65 €","Marke: lavera NATURKOSMETIK; Produktname: Serum straffend, 30 ml; Preis: 18,65 €; Grundpreis: 0,03 l (621,67 € je 1 l); Neues Produkt Grafik; Verfügbarkeit: Status grün Lieferbar, Status grau dm-Markt wählen","0,03 l (621,67 € je 1 l)","lavera NATURKOSMETIK","(1)","Lieferbar","dm-Markt wählen","","https://products.dm-static.com/images/f_auto,q_auto,c_fit,h_320,w_320/v1779878494/assets/pas/images/1b6b4881-2e40-444b-9a1e-744641b88790/lavera-naturkosmetik-serum-straffend","https://products.dm-static.com/images/f_auto,q_auto,c_fit,w_150/v1782806804/assets/mp/highlight-graphics/media_highlight_graphic_new_de_de/media_highlight_graphic_new_de_de","https://assets.dm.de/om/review-ui/assets/stars/StarEmpty2026.svg","https://assets.dm.de/om/review-ui/assets/stars/StarFilled2026.svg","https://assets.dm.de/om/review-ui/assets/stars/StarFilled2026.svg","https://assets.dm.de/om/review-ui/assets/stars/StarEmpty2026.svg",""
"1786131472-103","https://www.dm.de/pflege-und-parfum/gesichtspflege/serum-und-kur","","Gesichtsserum Magic Care 10% Peptide, 30 ml","27,95 €","Marke: M. Asam; Produktname: Gesichtsserum Magic Care 10% Peptide, 30 ml; Preis: 27,95 €; Grundpreis: 0,03 l (931,67 € je 1 l); Verfügbarkeit: Status grün Lieferbar, Status grau dm-Markt wählen","0,03 l (931,67 € je 1 l)","M. Asam","(72)","Lieferbar","dm-Markt wählen","Hinweise","https://products.dm-static.com/images/f_auto,q_auto,c_fit,h_320,w_320/v1762905576/assets/pas/images/b7057ea5-692a-4806-a273-e3e5dbd6100c/m-asam-gesichtsserum-magic-care-10-prozent-peptide","","","https://assets.dm.de/om/review-ui/assets/stars/StarFilled2026.svg","https://assets.dm.de/om/review-ui/assets/stars/StarFilled2026.svg","https://assets.dm.de/om/review-ui/assets/stars/StarFilled2026.svg",""
"1786131472-104","https://www.dm.de/pflege-und-parfum/gesichtspflege/serum-und-kur","","Gesichtsserum Aqua Marine Deep Serum, 30 ml","14,95 €","Marke: Dr. Althea; Produktname: Gesichtsserum Aqua Marine Deep Serum, 30 ml; Preis: 14,95 €; Grundpreis: 0,03 l (498,33 € je 1 l); Limitierte Editition Grafik; Verfügbarkeit: Status grün Lieferbar, Status grau dm-Markt wählen","0,03 l (498,33 € je 1 l)","Dr. Althea","(1)","Lieferbar","dm-Markt wählen","","https://products.dm-static.com/images/f_auto,q_auto,c_fit,h_320,w_320/v1774912761/assets/pas/images/b4de4b9d-a9ac-4b8d-8672-1b67a0e92fdd/dr-althea-gesichtsserum-aqua-marine-deep-serum","https://products.dm-static.com/images/f_auto,q_auto,c_fit,w_150/v1782815005/assets/mp/highlight-graphics/media_highlight_graphic_promotion_de_de/media_highlight_graphic_promotion_de_de","","https://assets.dm.de/om/review-ui/assets/stars/StarFilled2026.svg","https://assets.dm.de/om/review-ui/assets/stars/StarFilled2026.svg","https://assets.dm.de/om/review-ui/assets/stars/StarFilled2026.svg",""
"1786131472-105","https://www.dm.de/pflege-und-parfum/gesichtspflege/serum-und-kur","","Anti Pickel Serum Postzit, 30 ml","15,95 €","Marke: Acnemy; Produktname: Anti Pickel Serum Postzit, 30 ml; Preis: 15,95 €; Grundpreis: 0,03 l (531,67 € je 1 l); Nur Online Grafik; Verfügbarkeit: Status grün Lieferbar, Status rot Alle dm-Märkte","0,03 l (531,67 € je 1 l)","Acnemy","(8)","Lieferbar","","Hinweise","https://products.dm-static.com/images/f_auto,q_auto,c_fit,h_320,w_320/v1747525277/assets/pas/images/800ec488-c946-43cb-a591-bae59eae61c9/acnemy-anti-pickel-serum-postzit","https://products.dm-static.com/images/f_auto,q_auto,c_fit,w_150/v1782814967/assets/mp/highlight-graphics/media_highlight_graphic_os_exclusive_de_de/media_highlight_graphic_os_exclusive_de_de","","https://assets.dm.de/om/review-ui/assets/stars/StarFilled2026.svg","https://assets.dm.de/om/review-ui/assets/stars/StarFilled2026.svg","https://assets.dm.de/om/review-ui/assets/stars/StarFilled2026.svg",""
"1786131472-106","https://www.dm.de/pflege-und-parfum/gesichtspflege/serum-und-kur","","Anti Pickel Serum Niacinamide, 30 ml","9,95 €","Marke: Australian BodyCare; Produktname: Anti Pickel Serum Niacinamide, 30 ml; Preis: 9,95 €; Grundpreis: 0,03 l (331,67 € je 1 l); Nur Online Grafik; Verfügbarkeit: Status grün Lieferbar, Status rot Alle dm-Märkte","0,03 l (331,67 € je 1 l)","Australian BodyCare","(27)","Lieferbar","","Hinweise","https://products.dm-static.com/images/f_auto,q_auto,c_fit,h_320,w_320/v1761428066/assets/pas/images/5cfd4fa8-31bf-4c94-9b2f-f6ccde574a18/australian-bodycare-anti-pickel-serum-niacinamide","https://products.dm-static.com/images/f_auto,q_auto,c_fit,w_150/v1782814967/assets/mp/highlight-graphics/media_highlight_graphic_os_exclusive_de_de/media_highlight_graphic_os_exclusive_de_de","","https://assets.dm.de/om/review-ui/assets/stars/StarFilled2026.svg","https://assets.dm.de/om/review-ui/assets/stars/StarFilled2026.svg","https://assets.dm.de/om/review-ui/assets/stars/StarFilled2026.svg",""
"1786131472-107","https://www.dm.de/pflege-und-parfum/gesichtspflege/serum-und-kur","","Serum Vitamin C+ Radiance Perfection, 30 ml","16,95 €","Marke: judith williams COSMETICS; Produktname: Serum Vitamin C+ Radiance Perfection, 30 ml; Preis: 16,95 €; Grundpreis: 0,03 l (565,00 € je 1 l); Verfügbarkeit: Status grün Lieferbar, Status grau dm-Markt wählen","0,03 l (565,00 € je 1 l)","judith williams COSMETICS","(40)","Lieferbar","dm-Markt wählen","","https://products.dm-static.com/images/f_auto,q_auto,c_fit,h_320,w_320/v1772150963/assets/pas/images/297ae7e5-4b2d-4d36-872b-5a25f8976335/judith-williams-cosmetics-serum-vitamin-c-radiance-perfection","","","https://assets.dm.de/om/review-ui/assets/stars/StarFilled2026.svg","https://assets.dm.de/om/review-ui/assets/stars/StarFilled2026.svg","https://assets.dm.de/om/review-ui/assets/stars/StarFilled2026.svg",""
"1786131472-108","https://www.dm.de/pflege-und-parfum/gesichtspflege/serum-und-kur","","Gesichtsserum Magic Wonder Glow Serum, 30 ml","17,95 €","Marke: judith williams COSMETICS; Produktname: Gesichtsserum Magic Wonder Glow Serum, 30 ml; Preis: 17,95 €; Grundpreis: 0,03 l (598,33 € je 1 l); Verfügbarkeit: Status grün Lieferbar, Status grau dm-Markt wählen","0,03 l (598,33 € je 1 l)","judith williams COSMETICS","(115)","Lieferbar","dm-Markt wählen","","https://products.dm-static.com/images/f_auto,q_auto,c_fit,h_320,w_320/v1764747971/assets/pas/images/b5a42714-c023-4a48-b6cd-efd69718925d/judith-williams-cosmetics-gesichtsserum-magic-wonder-glow-serum","","","https://assets.dm.de/om/review-ui/assets/stars/StarFilled2026.svg","https://assets.dm.de/om/review-ui/assets/stars/StarFilled2026.svg","https://assets.dm.de/om/review-ui/assets/stars/StarFilled2026.svg",""
"1786131472-109","https://www.dm.de/pflege-und-parfum/gesichtspflege/serum-und-kur","","Konzentrat Vitamin C Power, 7 St","1,55 €","Marke: Schaebens; Produktname: Konzentrat Vitamin C Power, 7 St; Preis: 1,55 €; Grundpreis: 7 St (0,22 € je 1 St); Verfügbarkeit: Status grün Lieferbar, Status grau dm-Markt wählen","7 St (0,22 € je 1 St)","Schaebens","(53)","Lieferbar","dm-Markt wählen","","https://products.dm-static.com/images/f_auto,q_auto,c_fit,h_320,w_320/v1786061238/assets/pas/images/32b2bd17-fe4b-4fce-bf27-ae71adf3ffab/schaebens-konzentrat-vitamin-c-power","","","https://assets.dm.de/om/review-ui/assets/stars/StarFilled2026.svg","https://assets.dm.de/om/review-ui/assets/stars/StarFilled2026.svg","https://assets.dm.de/om/review-ui/assets/stars/StarFilled2026.svg",""
"1786131472-110","https://www.dm.de/pflege-und-parfum/gesichtspflege/serum-und-kur","","Serum Cellular Epigenetics verjüngend, 15 ml","11,95 €","Marke: NIVEA; Produktname: Serum Cellular Epigenetics verjüngend, 15 ml; Preis: 11,95 €; Grundpreis: 0,015 l (796,67 € je 1 l); Verfügbarkeit: Status grün Lieferbar, Status grau dm-Markt wählen","0,015 l (796,67 € je 1 l)","NIVEA","(34)","Lieferbar","dm-Markt wählen","","https://products.dm-static.com/images/f_auto,q_auto,c_fit,h_320,w_320/v1763248516/assets/pas/images/611238ab-6b63-465e-9492-2c59e4fd0cfe/nivea-serum-cellular-epigenetics-verjuengend","","","https://assets.dm.de/om/review-ui/assets/stars/StarFilled2026.svg","https://assets.dm.de/om/review-ui/assets/stars/StarFilled2026.svg","https://assets.dm.de/om/review-ui/assets/stars/StarFilled2026.svg",""
"1786131472-111","https://www.dm.de/pflege-und-parfum/gesichtspflege/serum-und-kur","","Serum-in-Öl Overnight, 30 ml","5,95 €","Marke: alverde NATURKOSMETIK; Produktname: Serum-in-Öl Overnight, 30 ml; Preis: 5,95 €; Grundpreis: 0,03 l (198,33 € je 1 l); Limitierte Editition Grafik, Marke von dm Grafik; Verfügbarkeit: Status grün Lieferbar, Status grau dm-Markt wählen","0,03 l (198,33 € je 1 l)","alverde NATURKOSMETIK","(12)","Lieferbar","dm-Markt wählen","","https://products.dm-static.com/images/f_auto,q_auto,c_fit,h_320,w_320/v1777686009/assets/pas/images/bf3f02ec-82d4-492a-a82a-52153b8d0d98/alverde-naturkosmetik-serum-in-oel-overnight","https://products.dm-static.com/images/f_auto,q_auto,c_fit,w_150/v1782815005/assets/mp/highlight-graphics/media_highlight_graphic_promotion_de_de/media_highlight_graphic_promotion_de_de","","https://assets.dm.de/om/review-ui/assets/stars/StarFilled2026.svg","https://products.dm-static.com/images/f_auto,q_auto,c_fit,w_150/v1782977607/assets/mp/highlight-graphics/media_highlight_graphic_dm_brand_de_de/media_highlight_graphic_dm_brand_de_de","https://assets.dm.de/om/review-ui/assets/stars/StarFilled2026.svg",""
"1786131472-112","https://www.dm.de/pflege-und-parfum/gesichtspflege/serum-und-kur","","Intensiv-Kur Ampullen Wildrose (7 x 0,8ml), 5,6 ml","14,95 €","Marke: WELEDA; Produktname: Intensiv-Kur Ampullen Wildrose (7 x 0,8ml), 5,6 ml; Preis: 14,95 €; Grundpreis: 0,006 l (2.491,67 € je 1 l); Nur Online Grafik; Verfügbarkeit: Status grün Lieferbar, Status rot Alle dm-Märkte","0,006 l (2.491,67 € je 1 l)","WELEDA","(8)","Lieferbar","","Hinweise","https://products.dm-static.com/images/f_auto,q_auto,c_fit,h_320,w_320/v1760371631/assets/pas/images/e1cac0d4-d99e-4fd7-a3a8-5a4f2fb94103/weleda-intensiv-kur-ampullen-wildrose-7-x-0-8ml","https://products.dm-static.com/images/f_auto,q_auto,c_fit,w_150/v1782814967/assets/mp/highlight-graphics/media_highlight_graphic_os_exclusive_de_de/media_highlight_graphic_os_exclusive_de_de","","https://assets.dm.de/om/review-ui/assets/stars/StarFilled2026.svg","https://assets.dm.de/om/review-ui/assets/stars/StarFilled2026.svg","https://assets.dm.de/om/review-ui/assets/stars/StarFilled2026.svg",""
"1786131472-113","https://www.dm.de/pflege-und-parfum/gesichtspflege/serum-und-kur","","Gesichtsserum 101 HA 5 Light, 30 ml","9,35 €","Marke: Geek&Gorgeous; Produktname: Gesichtsserum 101 HA 5 Light, 30 ml; Preis: 9,35 €; Grundpreis: 0,03 l (311,67 € je 1 l); Nur Online Grafik; Verfügbarkeit: Status grün Lieferbar, Status rot Alle dm-Märkte","0,03 l (311,67 € je 1 l)","Geek&Gorgeous","(8)","Lieferbar","","","https://products.dm-static.com/images/f_auto,q_auto,c_fit,h_320,w_320/v1747507514/assets/pas/images/4ecac35c-f563-495c-8038-8464db6a871d/geek-und-gorgeous-gesichtsserum-101-ha-5-light","https://products.dm-static.com/images/f_auto,q_auto,c_fit,w_150/v1782814967/assets/mp/highlight-graphics/media_highlight_graphic_os_exclusive_de_de/media_highlight_graphic_os_exclusive_de_de","","https://assets.dm.de/om/review-ui/assets/stars/StarFilled2026.svg","https://assets.dm.de/om/review-ui/assets/stars/StarFilled2026.svg","https://assets.dm.de/om/review-ui/assets/stars/StarFilled2026.svg",""
"1786131472-114","https://www.dm.de/pflege-und-parfum/gesichtspflege/serum-und-kur","","Serum Anti Age Kollagen Experte, 30 ml","9,95 €","Marke: L'ORÉAL PARiS; Produktname: Serum Anti Age Kollagen Experte, 30 ml; Preis: 9,95 €; Grundpreis: 0,03 l (331,67 € je 1 l); Verfügbarkeit: Status grün Lieferbar, Status grau dm-Markt wählen","0,03 l (331,67 € je 1 l)","L'ORÉAL PARiS","(886)","Lieferbar","dm-Markt wählen","Hinweise","https://products.dm-static.com/images/f_auto,q_auto,c_fit,h_320,w_320/v1747416572/assets/pas/images/9aae1a44-ef74-46cb-825b-4495b8052926/l-oreal-paris-serum-anti-age-kollagen-experte","","","https://assets.dm.de/om/review-ui/assets/stars/StarFilled2026.svg","https://assets.dm.de/om/review-ui/assets/stars/StarFilled2026.svg","https://assets.dm.de/om/review-ui/assets/stars/StarFilled2026.svg",""
"1786131472-115","https://www.dm.de/pflege-und-parfum/gesichtspflege/serum-und-kur","","Serum Age Perfect Anti Altersflecken, 30 ml","14,95 €","Marke: L'ORÉAL PARiS; Produktname: Serum Age Perfect Anti Altersflecken, 30 ml; Preis: 14,95 €; Grundpreis: 0,03 l (498,33 € je 1 l); Verfügbarkeit: Status grün Lieferbar, Status grau dm-Markt wählen","0,03 l (498,33 € je 1 l)","L'ORÉAL PARiS","(615)","Lieferbar","dm-Markt wählen","Hinweise","https://products.dm-static.com/images/f_auto,q_auto,c_fit,h_320,w_320/v1757717355/assets/pas/images/b1d5f9b3-be2b-4091-9103-34176b455a18/l-oreal-paris-serum-age-perfect-anti-altersflecken","","","https://assets.dm.de/om/review-ui/assets/stars/StarFilled2026.svg","https://assets.dm.de/om/review-ui/assets/stars/StarFilled2026.svg","https://assets.dm.de/om/review-ui/assets/stars/StarFilled2026.svg",""
"1786131472-116","https://www.dm.de/pflege-und-parfum/gesichtspflege/serum-und-kur","","Gesichtsserum Hello, Good Stuff Glow-C, 30 ml","4,95 €","Marke: essence; Produktname: Gesichtsserum Hello, Good Stuff Glow-C, 30 ml; Preis: 4,95 €; Grundpreis: 0,03 l (165,00 € je 1 l); Verfügbarkeit: Status grün Lieferbar, Status grau dm-Markt wählen","0,03 l (165,00 € je 1 l)","essence","(46)","Lieferbar","dm-Markt wählen","Hinweise","https://products.dm-static.com/images/f_auto,q_auto,c_fit,h_320,w_320/v1747472050/assets/pas/images/87879f2e-726e-47d5-859d-49ac2f5894a9/essence-gesichtsserum-hello-good-stuff-glow-c","","","https://assets.dm.de/om/review-ui/assets/stars/StarFilled2026.svg","https://assets.dm.de/om/review-ui/assets/stars/StarFilled2026.svg","https://assets.dm.de/om/review-ui/assets/stars/StarFilled2026.svg",""
"1786131472-117","https://www.dm.de/pflege-und-parfum/gesichtspflege/serum-und-kur","","Gesichtsserum Vitamin C + E + Ferulic, 30 ml","18,95 €","Marke: e.l.f. Cosmetics; Produktname: Gesichtsserum Vitamin C + E + Ferulic, 30 ml; Preis: 18,95 €; Grundpreis: 0,03 l (631,67 € je 1 l); Verfügbarkeit: Status grün Lieferbar, Status grau dm-Markt wählen","0,03 l (631,67 € je 1 l)","e.l.f. Cosmetics","(6)","Lieferbar","dm-Markt wählen","","https://products.dm-static.com/images/f_auto,q_auto,c_fit,h_320,w_320/v1776759631/assets/pas/images/80b70d73-b4b9-46a9-ad9c-24a8a8d5853f/e-l-f-cosmetics-gesichtsserum-vitamin-c-e-ferulic","","https://assets.dm.de/om/review-ui/assets/stars/StarEmpty2026.svg","https://assets.dm.de/om/review-ui/assets/stars/StarFilled2026.svg","https://assets.dm.de/om/review-ui/assets/stars/StarFilled2026.svg","https://assets.dm.de/om/review-ui/assets/stars/StarFilled2026.svg",""
"1786131472-118","https://www.dm.de/pflege-und-parfum/gesichtspflege/serum-und-kur","","Serum HELLO, GOOD STUFF! PORE MINIMIZING, 30 ml","4,95 €","Marke: essence; Produktname: Serum HELLO, GOOD STUFF! PORE MINIMIZING, 30 ml; Preis: 4,95 €; Grundpreis: 0,03 l (165,00 € je 1 l); Verfügbarkeit: Status grün Lieferbar, Status grau dm-Markt wählen","0,03 l (165,00 € je 1 l)","essence","(204)","Lieferbar","dm-Markt wählen","","https://products.dm-static.com/images/f_auto,q_auto,c_fit,h_320,w_320/v1747461585/assets/pas/images/58961546-56e9-421e-a7f4-5603259f1d5a/essence-serum-hello-good-stuff-pore-minimizing","","","https://assets.dm.de/om/review-ui/assets/stars/StarFilled2026.svg","https://assets.dm.de/om/review-ui/assets/stars/StarFilled2026.svg","https://assets.dm.de/om/review-ui/assets/stars/StarFilled2026.svg",""
"1786131472-119","https://www.dm.de/pflege-und-parfum/gesichtspflege/serum-und-kur","","Serum Holy Hydration! Thirst Burst Drops, 30 ml","14,95 €","Marke: e.l.f. Cosmetics; Produktname: Serum Holy Hydration! Thirst Burst Drops, 30 ml; Preis: 14,95 €; Grundpreis: 0,03 l (498,33 € je 1 l); Verfügbarkeit: Status grün Lieferbar, Status grau dm-Markt wählen","0,03 l (498,33 € je 1 l)","e.l.f. Cosmetics","(7)","Lieferbar","dm-Markt wählen","Hinweise","https://products.dm-static.com/images/f_auto,q_auto,c_fit,h_320,w_320/v1770940586/assets/pas/images/e3bcdb9a-8e81-440d-baaf-bc207cecbb9d/e-l-f-cosmetics-serum-holy-hydration-thirst-burst-drops","","","https://assets.dm.de/om/review-ui/assets/stars/StarFilled2026.svg","https://assets.dm.de/om/review-ui/assets/stars/StarFilled2026.svg","https://assets.dm.de/om/review-ui/assets/stars/StarFilled2026.svg",""
"1786131472-120","https://www.dm.de/pflege-und-parfum/gesichtspflege/serum-und-kur","","Gesichtsmist PDRN Hydrating Capsule Mist..., 30 ml","14,95 €","Marke: Anua; Produktname: Gesichtsmist PDRN Hydrating Capsule Mist Hyaluronic Acid, 30 ml; Preis: 14,95 €; Grundpreis: 0,03 l (498,33 € je 1 l); Limitierte Editition Grafik; Verfügbarkeit: Status grün Lieferbar, Status grau dm-Markt wählen","0,03 l (498,33 € je 1 l)","Anua","(1)","Lieferbar","dm-Markt wählen","Hinweise","https://products.dm-static.com/images/f_auto,q_auto,c_fit,h_320,w_320/v1779667355/assets/pas/images/9d997218-9963-4c18-9c83-a8342880308c/anua-gesichtsmist-pdrn-hydrating-capsule-mist-hyaluronic-acid","https://products.dm-static.com/images/f_auto,q_auto,c_fit,w_150/v1782815005/assets/mp/highlight-graphics/media_highlight_graphic_promotion_de_de/media_highlight_graphic_promotion_de_de","","https://assets.dm.de/om/review-ui/assets/stars/StarFilled2026.svg","https://assets.dm.de/om/review-ui/assets/stars/StarFilled2026.svg","https://assets.dm.de/om/review-ui/assets/stars/StarFilled2026.svg",""
"1786131472-121","https://www.dm.de/pflege-und-parfum/gesichtspflege/serum-und-kur","","Serum Midnight Age Perfect Zell-Renaissance..., 30 ml","19,95 €","Marke: L'ORÉAL PARiS; Produktname: Serum Midnight Age Perfect Zell-Renaissance Anti-Falten, 30 ml; Preis: 19,95 €; Grundpreis: 0,03 l (665,00 € je 1 l); Verfügbarkeit: Status grün Lieferbar, Status grau dm-Markt wählen","0,03 l (665,00 € je 1 l)","L'ORÉAL PARiS","(1003)","Lieferbar","dm-Markt wählen","Hinweise","https://products.dm-static.com/images/f_auto,q_auto,c_fit,h_320,w_320/v1747415574/assets/pas/images/634fd2ac-1950-4933-b3ea-5a80c549ce51/l-oreal-paris-serum-midnight-age-perfect-zell-renaissance-anti-falten","","","https://assets.dm.de/om/review-ui/assets/stars/StarFilled2026.svg","https://assets.dm.de/om/review-ui/assets/stars/StarFilled2026.svg","https://assets.dm.de/om/review-ui/assets/stars/StarFilled2026.svg",""
"1786131472-122","https://www.dm.de/pflege-und-parfum/gesichtspflege/serum-und-kur","","Glow Like Honey Serum Spray, 50 ml","3,45 €","Marke: essence; Produktname: Glow Like Honey Serum Spray, 50 ml; Preis: 3,45 €; Grundpreis: 0,05 l (69,00 € je 1 l); Verfügbarkeit: Status grün Lieferbar, Status grau dm-Markt wählen","0,05 l (69,00 € je 1 l)","essence","(59)","Lieferbar","dm-Markt wählen","Hinweise","https://products.dm-static.com/images/f_auto,q_auto,c_fit,h_320,w_320/v1765667499/assets/pas/images/db72a7fc-0ca6-41b2-a0a7-69b29a2eba9a/essence-glow-like-honey-serum-spray","","","https://assets.dm.de/om/review-ui/assets/stars/StarFilled2026.svg","https://assets.dm.de/om/review-ui/assets/stars/StarFilled2026.svg","https://assets.dm.de/om/review-ui/assets/stars/StarFilled2026.svg",""
"1786131472-123","https://www.dm.de/pflege-und-parfum/gesichtspflege/serum-und-kur","","Pigmentfleckenserum Vital, 30 ml","4,45 €","Marke: alverde NATURKOSMETIK; Produktname: Pigmentfleckenserum Vital, 30 ml; Preis: 4,45 €; Grundpreis: 0,03 l (148,33 € je 1 l); Neues Produkt Grafik, Marke von dm Grafik; Verfügbarkeit: Status grün Lieferbar, Status grau dm-Markt wählen","0,03 l (148,33 € je 1 l)","alverde NATURKOSMETIK","(9)","Lieferbar","dm-Markt wählen","","https://products.dm-static.com/images/f_auto,q_auto,c_fit,h_320,w_320/v1783677196/assets/pas/images/31f529da-707b-41d8-bf4e-f90404b61e34/alverde-naturkosmetik-pigmentfleckenserum-vital","https://products.dm-static.com/images/f_auto,q_auto,c_fit,w_150/v1782806804/assets/mp/highlight-graphics/media_highlight_graphic_new_de_de/media_highlight_graphic_new_de_de","https://assets.dm.de/om/review-ui/assets/stars/StarEmpty2026.svg","https://assets.dm.de/om/review-ui/assets/stars/StarFilled2026.svg","https://products.dm-static.com/images/f_auto,q_auto,c_fit,w_150/v1782977607/assets/mp/highlight-graphics/media_highlight_graphic_dm_brand_de_de/media_highlight_graphic_dm_brand_de_de","https://assets.dm.de/om/review-ui/assets/stars/StarFilled2026.svg",""
"1786131472-124","https://www.dm.de/pflege-und-parfum/gesichtspflege/serum-und-kur","","Konzentrat Kapseln Kollagen, 10 St","1,45 €","Marke: BE ROUTINE; Produktname: Konzentrat Kapseln Kollagen, 10 St; Preis: 1,45 €; Grundpreis: 10 St (0,15 € je 1 St); Neues Produkt Grafik; Verfügbarkeit: Status grün Lieferbar, Status grau dm-Markt wählen","10 St (0,15 € je 1 St)","BE ROUTINE","(13)","Lieferbar","dm-Markt wählen","","https://products.dm-static.com/images/f_auto,q_auto,c_fit,h_320,w_320/v1776981727/assets/pas/images/aa53be1e-fa02-4c3e-b911-e28b7c9f5689/be-routine-konzentrat-kapseln-kollagen","https://products.dm-static.com/images/f_auto,q_auto,c_fit,w_150/v1782806804/assets/mp/highlight-graphics/media_highlight_graphic_new_de_de/media_highlight_graphic_new_de_de","","https://assets.dm.de/om/review-ui/assets/stars/StarFilled2026.svg","https://assets.dm.de/om/review-ui/assets/stars/StarFilled2026.svg","https://assets.dm.de/om/review-ui/assets/stars/StarFilled2026.svg",""
"1786131472-125","https://www.dm.de/pflege-und-parfum/gesichtspflege/serum-und-kur","","Gesichtsserum 15% Vitamin, 30 ml","9,95 €","Marke: Transparent Lab; Produktname: Gesichtsserum 15% Vitamin, 30 ml; Preis: 9,95 €; Grundpreis: 0,03 l (331,67 € je 1 l); Nur Online Grafik; Verfügbarkeit: Status grün Lieferbar, Status rot Alle dm-Märkte","0,03 l (331,67 € je 1 l)","Transparent Lab","(28)","Lieferbar","","Hinweise","https://products.dm-static.com/images/f_auto,q_auto,c_fit,h_320,w_320/v1755072076/assets/pas/images/f557c7f6-0b21-4e71-bff8-60075f62e243/transparent-lab-gesichtsserum-15-prozent-vitamin","https://products.dm-static.com/images/f_auto,q_auto,c_fit,w_150/v1782814967/assets/mp/highlight-graphics/media_highlight_graphic_os_exclusive_de_de/media_highlight_graphic_os_exclusive_de_de","https://assets.dm.de/om/review-ui/assets/stars/StarEmpty2026.svg","https://assets.dm.de/om/review-ui/assets/stars/StarFilled2026.svg","https://assets.dm.de/om/review-ui/assets/stars/StarFilled2026.svg","https://assets.dm.de/om/review-ui/assets/stars/StarFilled2026.svg",""
"1786131472-126","https://www.dm.de/pflege-und-parfum/gesichtspflege/serum-und-kur","","Serum Stick Lazy Day Hydro, 9 g","4,95 €","Marke: CATRICE; Produktname: Serum Stick Lazy Day Hydro, 9 g; Preis: 4,95 €; Verfügbarkeit: Status grün Lieferbar, Status grau dm-Markt wählen","","CATRICE","(22)","Lieferbar","dm-Markt wählen","","https://products.dm-static.com/images/f_auto,q_auto,c_fit,h_320,w_320/v1763989982/assets/pas/images/6e16aa1b-a508-452d-90b9-fccd3b502794/catrice-serum-stick-lazy-day-hydro","","","https://assets.dm.de/om/review-ui/assets/stars/StarFilled2026.svg","https://assets.dm.de/om/review-ui/assets/stars/StarFilled2026.svg","https://assets.dm.de/om/review-ui/assets/stars/StarFilled2026.svg",""
"1786131472-127","https://www.dm.de/pflege-und-parfum/gesichtspflege/serum-und-kur","","Gesichtsöl Overnight mit 5% Squalan, 25 ml","3,45 €","Marke: alverde NATURKOSMETIK; Produktname: Gesichtsöl Overnight mit 5% Squalan, 25 ml; Preis: 3,45 €; Grundpreis: 0,025 l (138,00 € je 1 l); Marke von dm Grafik; Verfügbarkeit: Status grün Lieferbar, Status grau dm-Markt wählen","0,025 l (138,00 € je 1 l)","alverde NATURKOSMETIK","(82)","Lieferbar","dm-Markt wählen","","https://products.dm-static.com/images/f_auto,q_auto,c_fit,h_320,w_320/v1754994543/assets/pas/images/1aa83299-fc7d-4998-a8a6-ae9b2a9b78e5/alverde-naturkosmetik-gesichtsoel-overnight-mit-5-prozent-squalan","https://products.dm-static.com/images/f_auto,q_auto,c_fit,w_150/v1782977607/assets/mp/highlight-graphics/media_highlight_graphic_dm_brand_de_de/media_highlight_graphic_dm_brand_de_de","","https://assets.dm.de/om/review-ui/assets/stars/StarFilled2026.svg","https://assets.dm.de/om/review-ui/assets/stars/StarFilled2026.svg","https://assets.dm.de/om/review-ui/assets/stars/StarFilled2026.svg",""
"1786131472-128","https://www.dm.de/pflege-und-parfum/gesichtspflege/serum-und-kur","","Gesichtsserum Triple Bounce Holy Hydration!, 30 ml","14,95 €","Marke: e.l.f. Cosmetics; Produktname: Gesichtsserum Triple Bounce Holy Hydration!, 30 ml; Preis: 14,95 €; Grundpreis: 0,03 l (498,33 € je 1 l); Nur Online Grafik; Verfügbarkeit: Status grün Lieferbar, Status rot Alle dm-Märkte","0,03 l (498,33 € je 1 l)","e.l.f. Cosmetics","(0)","Lieferbar","","Hinweise","https://products.dm-static.com/images/f_auto,q_auto,c_fit,h_320,w_320/v1770941293/assets/pas/images/baebaa21-da61-43a0-80bc-04b3f6c54f5b/e-l-f-cosmetics-gesichtsserum-triple-bounce-holy-hydration","https://products.dm-static.com/images/f_auto,q_auto,c_fit,w_150/v1782814967/assets/mp/highlight-graphics/media_highlight_graphic_os_exclusive_de_de/media_highlight_graphic_os_exclusive_de_de","https://assets.dm.de/om/review-ui/assets/stars/StarEmpty2026.svg","https://assets.dm.de/om/review-ui/assets/stars/StarEmpty2026.svg","https://assets.dm.de/om/review-ui/assets/stars/StarEmpty2026.svg","https://assets.dm.de/om/review-ui/assets/stars/StarEmpty2026.svg",""
"1786131472-129","https://www.dm.de/pflege-und-parfum/gesichtspflege/serum-und-kur","","Serum Q10 + Omega, 30 ml","1,95 €","Marke: Balea; Produktname: Serum Q10 + Omega, 30 ml; Preis: 1,95 €; Grundpreis: 0,03 l (65,00 € je 1 l); Marke von dm Grafik; Verfügbarkeit: Status grün Lieferbar, Status grau dm-Markt wählen","0,03 l (65,00 € je 1 l)","Balea","(149)","Lieferbar","dm-Markt wählen","","https://products.dm-static.com/images/f_auto,q_auto,c_fit,h_320,w_320/v1760480010/assets/pas/images/aa560e0b-398f-459d-bd49-c45050e0cd67/balea-serum-q10-omega","https://products.dm-static.com/images/f_auto,q_auto,c_fit,w_150/v1782977607/assets/mp/highlight-graphics/media_highlight_graphic_dm_brand_de_de/media_highlight_graphic_dm_brand_de_de","https://assets.dm.de/om/review-ui/assets/stars/StarEmpty2026.svg","https://assets.dm.de/om/review-ui/assets/stars/StarFilled2026.svg","https://assets.dm.de/om/review-ui/assets/stars/StarFilled2026.svg","https://assets.dm.de/om/review-ui/assets/stars/StarFilled2026.svg",""
"1786131472-130","https://www.dm.de/pflege-und-parfum/gesichtspflege/serum-und-kur","","Konzentrat Retinol, 7 St","0,85 €","Marke: Balea; Produktname: Konzentrat Retinol, 7 St; Preis: 0,85 €; Grundpreis: 7 St (0,12 € je 1 St); Marke von dm Grafik; Verfügbarkeit: Status grün Lieferbar, Status grau dm-Markt wählen","7 St (0,12 € je 1 St)","Balea","(159)","Lieferbar","dm-Markt wählen","Hinweise","https://products.dm-static.com/images/f_auto,q_auto,c_fit,h_320,w_320/v1771935618/assets/pas/images/be75688e-7bd5-49bd-9cb7-2729d7574f4b/balea-konzentrat-retinol","https://products.dm-static.com/images/f_auto,q_auto,c_fit,w_150/v1782977607/assets/mp/highlight-graphics/media_highlight_graphic_dm_brand_de_de/media_highlight_graphic_dm_brand_de_de","https://assets.dm.de/om/review-ui/assets/stars/StarEmpty2026.svg","https://assets.dm.de/om/review-ui/assets/stars/StarFilled2026.svg","https://assets.dm.de/om/review-ui/assets/stars/StarFilled2026.svg","https://assets.dm.de/om/review-ui/assets/stars/StarFilled2026.svg",""
"1786131472-131","https://www.dm.de/pflege-und-parfum/gesichtspflege/serum-und-kur","","Gesichtsserum Nacht Granatapfel EXO Boost Youth..., 30 ml","27,95 €","Marke: WELEDA; Produktname: Gesichtsserum Nacht Granatapfel EXO Boost Youth Power Night Repair Elixier, 30 ml; Preis: 27,95 €; Grundpreis: 0,03 l (931,67 € je 1 l); Neues Produkt Grafik; Verfügbarkeit: Status grün Lieferbar, Status grau dm-Markt wählen","0,03 l (931,67 € je 1 l)","WELEDA","(0)","Lieferbar","dm-Markt wählen","","https://products.dm-static.com/images/f_auto,q_auto,c_fit,h_320,w_320/v1781076316/assets/pas/images/0984d7bf-50fb-49f2-9394-754247368d20/weleda-gesichtsserum-nacht-granatapfel-exo-boost-youth-power-night-repair-elixier","https://products.dm-static.com/images/f_auto,q_auto,c_fit,w_150/v1782806804/assets/mp/highlight-graphics/media_highlight_graphic_new_de_de/media_highlight_graphic_new_de_de","https://assets.dm.de/om/review-ui/assets/stars/StarEmpty2026.svg","https://assets.dm.de/om/review-ui/assets/stars/StarEmpty2026.svg","https://assets.dm.de/om/review-ui/assets/stars/StarEmpty2026.svg","https://assets.dm.de/om/review-ui/assets/stars/StarEmpty2026.svg",""
"1786131472-132","https://www.dm.de/pflege-und-parfum/gesichtspflege/serum-und-kur","","Gesichtsserum Retinoid, 29,5 ml","23,95 €","Marke: e.l.f. Cosmetics; Produktname: Gesichtsserum Retinoid, 29,5 ml; Preis: 23,95 €; Grundpreis: 0,0295 l (811,86 € je 1 l); Nur Online Grafik; Verfügbarkeit: Status grün Lieferbar, Status rot Alle dm-Märkte","0,0295 l (811,86 € je 1 l)","e.l.f. Cosmetics","(0)","Lieferbar","","Hinweise","https://products.dm-static.com/images/f_auto,q_auto,c_fit,h_320,w_320/v1774049128/assets/pas/images/9a175273-2049-4f47-9e81-6d92ba1e018c/e-l-f-cosmetics-gesichtsserum-retinoid","https://products.dm-static.com/images/f_auto,q_auto,c_fit,w_150/v1782814967/assets/mp/highlight-graphics/media_highlight_graphic_os_exclusive_de_de/media_highlight_graphic_os_exclusive_de_de","https://assets.dm.de/om/review-ui/assets/stars/StarEmpty2026.svg","https://assets.dm.de/om/review-ui/assets/stars/StarEmpty2026.svg","https://assets.dm.de/om/review-ui/assets/stars/StarEmpty2026.svg","https://assets.dm.de/om/review-ui/assets/stars/StarEmpty2026.svg",""
"1786131472-133","https://www.dm.de/pflege-und-parfum/gesichtspflege/serum-und-kur","","Serum Lazy Day All In One, 28 ml","5,95 €","Marke: CATRICE; Produktname: Serum Lazy Day All In One, 28 ml; Preis: 5,95 €; Grundpreis: 0,028 l (212,50 € je 1 l); Verfügbarkeit: Status grün Lieferbar, Status grau dm-Markt wählen","0,028 l (212,50 € je 1 l)","CATRICE","(14)","Lieferbar","dm-Markt wählen","","https://products.dm-static.com/images/f_auto,q_auto,c_fit,h_320,w_320/v1757717450/assets/pas/images/cebba067-677b-4d11-911c-f35425f9d8aa/catrice-serum-lazy-day-all-in-one","","","https://assets.dm.de/om/review-ui/assets/stars/StarFilled2026.svg","https://assets.dm.de/om/review-ui/assets/stars/StarFilled2026.svg","https://assets.dm.de/om/review-ui/assets/stars/StarFilled2026.svg",""
"1786131472-134","https://www.dm.de/pflege-und-parfum/gesichtspflege/serum-und-kur","","Anti Age Fluid Revitalift Laser X3, 30 ml","13,95 €","Marke: L'ORÉAL PARiS REVITALIFT; Produktname: Anti Age Fluid Revitalift Laser X3, 30 ml; Preis: 13,95 €; Grundpreis: 0,03 l (465,00 € je 1 l); Verfügbarkeit: Status grün Lieferbar, Status grau dm-Markt wählen","0,03 l (465,00 € je 1 l)","L'ORÉAL PARiS REVITALIFT","(312)","Lieferbar","dm-Markt wählen","Hinweise","https://products.dm-static.com/images/f_auto,q_auto,c_fit,h_320,w_320/v1758057614/assets/pas/images/340b5c12-9145-49b1-970d-0e12c11c38f1/l-oreal-paris-revitalift-anti-age-fluid-revitalift-laser-x3","","","https://assets.dm.de/om/review-ui/assets/stars/StarFilled2026.svg","https://assets.dm.de/om/review-ui/assets/stars/StarFilled2026.svg","https://assets.dm.de/om/review-ui/assets/stars/StarFilled2026.svg",""
"1786131472-135","https://www.dm.de/pflege-und-parfum/gesichtspflege/serum-und-kur","","Konzentrat Kapseln Anti-Falten Q10, 7 St","0,85 €","Marke: Balea; Produktname: Konzentrat Kapseln Anti-Falten Q10, 7 St; Preis: 0,85 €; Grundpreis: 7 St (0,12 € je 1 St); Marke von dm Grafik; Verfügbarkeit: Status grün Lieferbar, Status grau dm-Markt wählen","7 St (0,12 € je 1 St)","Balea","(106)","Lieferbar","dm-Markt wählen","Hinweise","https://products.dm-static.com/images/f_auto,q_auto,c_fit,h_320,w_320/v1773990725/assets/pas/images/cd5ae769-c9c8-40de-a79b-620c9641b547/balea-konzentrat-kapseln-anti-falten-q10","https://products.dm-static.com/images/f_auto,q_auto,c_fit,w_150/v1782977607/assets/mp/highlight-graphics/media_highlight_graphic_dm_brand_de_de/media_highlight_graphic_dm_brand_de_de","","https://assets.dm.de/om/review-ui/assets/stars/StarFilled2026.svg","https://assets.dm.de/om/review-ui/assets/stars/StarFilled2026.svg","https://assets.dm.de/om/review-ui/assets/stars/StarFilled2026.svg",""
"1786131472-136","https://www.dm.de/pflege-und-parfum/gesichtspflege/serum-und-kur","","Serum Granatapfel Cell Activating Youth Power, 30 ml","23,95 €","Marke: WELEDA; Produktname: Serum Granatapfel Cell Activating Youth Power, 30 ml; Preis: 23,95 €; Grundpreis: 0,03 l (798,33 € je 1 l); Neues Produkt Grafik; Verfügbarkeit: Status grün Lieferbar, Status grau dm-Markt wählen","0,03 l (798,33 € je 1 l)","WELEDA","(0)","Lieferbar","dm-Markt wählen","","https://products.dm-static.com/images/f_auto,q_auto,c_fit,h_320,w_320/v1781076382/assets/pas/images/30076637-ae7e-4c02-9239-225e6b7d2b16/weleda-serum-granatapfel-cell-activating-youth-power","https://products.dm-static.com/images/f_auto,q_auto,c_fit,w_150/v1782806804/assets/mp/highlight-graphics/media_highlight_graphic_new_de_de/media_highlight_graphic_new_de_de","https://assets.dm.de/om/review-ui/assets/stars/StarEmpty2026.svg","https://assets.dm.de/om/review-ui/assets/stars/StarEmpty2026.svg","https://assets.dm.de/om/review-ui/assets/stars/StarEmpty2026.svg","https://assets.dm.de/om/review-ui/assets/stars/StarEmpty2026.svg",""
"1786131472-137","https://www.dm.de/pflege-und-parfum/gesichtspflege/serum-und-kur","","Serum Microneedling Reedle Shot 300, 50 ml","29,95 €","Marke: VT COSMETICS; Produktname: Serum Microneedling Reedle Shot 300, 50 ml; Preis: 29,95 €; Grundpreis: 0,05 l (599,00 € je 1 l); Nur Online Grafik; Verfügbarkeit: Status grün Lieferbar, Status rot Alle dm-Märkte","0,05 l (599,00 € je 1 l)","VT COSMETICS","(3)","Lieferbar","","Hinweise","https://products.dm-static.com/images/f_auto,q_auto,c_fit,h_320,w_320/v1755089331/assets/pas/images/25c91021-70b5-4b0a-b438-c850603c45fa/vt-cosmetics-serum-microneedling-reedle-shot-300","https://products.dm-static.com/images/f_auto,q_auto,c_fit,w_150/v1782814967/assets/mp/highlight-graphics/media_highlight_graphic_os_exclusive_de_de/media_highlight_graphic_os_exclusive_de_de","","https://assets.dm.de/om/review-ui/assets/stars/StarFilled2026.svg","https://assets.dm.de/om/review-ui/assets/stars/StarFilled2026.svg","https://assets.dm.de/om/review-ui/assets/stars/StarFilled2026.svg",""
"1786131472-138","https://www.dm.de/pflege-und-parfum/gesichtspflege/serum-und-kur","","Augen und Lippen Konzentrat, 7 St","0,75 €","Marke: Balea; Produktname: Augen und Lippen Konzentrat, 7 St; Preis: 0,75 €; Grundpreis: 7 St (0,11 € je 1 St); Marke von dm Grafik; Verfügbarkeit: Status grün Lieferbar, Status grau dm-Markt wählen","7 St (0,11 € je 1 St)","Balea","(154)","Lieferbar","dm-Markt wählen","Hinweise","https://products.dm-static.com/images/f_auto,q_auto,c_fit,h_320,w_320/v1781999499/assets/pas/images/0fa32639-579d-46f3-8da1-7c8adcc62ff2/balea-augen-und-lippen-konzentrat","https://products.dm-static.com/images/f_auto,q_auto,c_fit,w_150/v1782977607/assets/mp/highlight-graphics/media_highlight_graphic_dm_brand_de_de/media_highlight_graphic_dm_brand_de_de","https://assets.dm.de/om/review-ui/assets/stars/StarEmpty2026.svg","https://assets.dm.de/om/review-ui/assets/stars/StarFilled2026.svg","https://assets.dm.de/om/review-ui/assets/stars/StarFilled2026.svg","https://assets.dm.de/om/review-ui/assets/stars/StarEmpty2026.svg",""
"1786131472-139","https://www.dm.de/pflege-und-parfum/gesichtspflege/serum-und-kur","","Konzentrat Vitamin C, 7 St","0,85 €","Marke: Balea; Produktname: Konzentrat Vitamin C, 7 St; Preis: 0,85 €; Grundpreis: 7 St (0,12 € je 1 St); Marke von dm Grafik; Verfügbarkeit: Status grün Lieferbar, Status grau dm-Markt wählen","7 St (0,12 € je 1 St)","Balea","(182)","Lieferbar","dm-Markt wählen","Hinweise","https://products.dm-static.com/images/f_auto,q_auto,c_fit,h_320,w_320/v1771025835/assets/pas/images/5bbc935c-52a1-4603-a354-8ff1ea5c466c/balea-konzentrat-vitamin-c","https://products.dm-static.com/images/f_auto,q_auto,c_fit,w_150/v1782977607/assets/mp/highlight-graphics/media_highlight_graphic_dm_brand_de_de/media_highlight_graphic_dm_brand_de_de","","https://assets.dm.de/om/review-ui/assets/stars/StarFilled2026.svg","https://assets.dm.de/om/review-ui/assets/stars/StarFilled2026.svg","https://assets.dm.de/om/review-ui/assets/stars/StarFilled2026.svg",""
"1786131472-140","https://www.dm.de/pflege-und-parfum/gesichtspflege/serum-und-kur","","Hyaluron Konzentrat, 7 St","0,75 €","Marke: Balea; Produktname: Hyaluron Konzentrat, 7 St; Preis: 0,75 €; Grundpreis: 7 St (0,11 € je 1 St); Marke von dm Grafik; Verfügbarkeit: Status grün Lieferbar, Status grau dm-Markt wählen","7 St (0,11 € je 1 St)","Balea","(113)","Lieferbar","dm-Markt wählen","Hinweise","https://products.dm-static.com/images/f_auto,q_auto,c_fit,h_320,w_320/v1771941372/assets/pas/images/3611250c-02c3-4986-89b6-abc68aa1c8dc/balea-hyaluron-konzentrat","https://products.dm-static.com/images/f_auto,q_auto,c_fit,w_150/v1782977607/assets/mp/highlight-graphics/media_highlight_graphic_dm_brand_de_de/media_highlight_graphic_dm_brand_de_de","","https://assets.dm.de/om/review-ui/assets/stars/StarFilled2026.svg","https://assets.dm.de/om/review-ui/assets/stars/StarFilled2026.svg","https://assets.dm.de/om/review-ui/assets/stars/StarFilled2026.svg",""
"1786131472-141","https://www.dm.de/pflege-und-parfum/gesichtspflege/serum-und-kur","","PDRN Power Serum, 30 ml","5,95 €","Marke: Balea; Produktname: PDRN Power Serum, 30 ml; Preis: 5,95 €; Grundpreis: 0,03 l (198,33 € je 1 l); Neues Produkt Grafik, Marke von dm Grafik; Verfügbarkeit: Status rot Nicht lieferbar, Status grau dm-Markt wählen","0,03 l (198,33 € je 1 l)","Balea","(47)","Nicht lieferbar","dm-Markt wählen","Hinweise","https://products.dm-static.com/images/f_auto,q_auto,c_fit,h_320,w_320/v1781659160/assets/pas/images/31cdf6b3-0e26-4bca-b1d8-efdb2ce443d6/balea-pdrn-power-serum","https://products.dm-static.com/images/f_auto,q_auto,c_fit,w_150/v1782806804/assets/mp/highlight-graphics/media_highlight_graphic_new_de_de/media_highlight_graphic_new_de_de","","https://assets.dm.de/om/review-ui/assets/stars/StarFilled2026.svg","https://products.dm-static.com/images/f_auto,q_auto,c_fit,w_150/v1782977607/assets/mp/highlight-graphics/media_highlight_graphic_dm_brand_de_de/media_highlight_graphic_dm_brand_de_de","https://assets.dm.de/om/review-ui/assets/stars/StarFilled2026.svg",""
"1786131472-142","https://www.dm.de/pflege-und-parfum/gesichtspflege/serum-und-kur","","Gesichtsserum 10% Azelaic Acid, 30 ml","13,85 €","Marke: nerds.; Produktname: Gesichtsserum 10% Azelaic Acid, 30 ml; Preis: 13,85 €; Grundpreis: 0,03 l (461,67 € je 1 l); Verfügbarkeit: Status rot Nicht lieferbar, Status grau dm-Markt wählen","0,03 l (461,67 € je 1 l)","nerds.","(25)","Nicht lieferbar","dm-Markt wählen","","https://products.dm-static.com/images/f_auto,q_auto,c_fit,h_320,w_320/v1782252944/assets/pas/images/2c81b940-f4eb-434c-ae0c-0b8ddc82e92b/nerds-gesichtsserum-10-prozent-azelaic-acid","","","https://assets.dm.de/om/review-ui/assets/stars/StarFilled2026.svg","https://assets.dm.de/om/review-ui/assets/stars/StarFilled2026.svg","https://assets.dm.de/om/review-ui/assets/stars/StarFilled2026.svg",""
"1786131472-143","https://www.dm.de/pflege-und-parfum/gesichtspflege/serum-und-kur","","Barriere Serum, 30 ml","7,95 €","Marke: hautsache; Produktname: Barriere Serum, 30 ml; Preis: 7,95 €; Grundpreis: 0,03 l (265,00 € je 1 l); Marke von dm Grafik; Verfügbarkeit: Status rot Nicht lieferbar, Status grau dm-Markt wählen","0,03 l (265,00 € je 1 l)","hautsache","(156)","Nicht lieferbar","dm-Markt wählen","","https://products.dm-static.com/images/f_auto,q_auto,c_fit,h_320,w_320/v1779330569/assets/pas/images/5971a499-f028-4222-8160-00026225583a/hautsache-barriere-serum","https://products.dm-static.com/images/f_auto,q_auto,c_fit,w_150/v1782977607/assets/mp/highlight-graphics/media_highlight_graphic_dm_brand_de_de/media_highlight_graphic_dm_brand_de_de","","https://assets.dm.de/om/review-ui/assets/stars/StarFilled2026.svg","https://assets.dm.de/om/review-ui/assets/stars/StarFilled2026.svg","https://assets.dm.de/om/review-ui/assets/stars/StarFilled2026.svg",""
"1786131472-144","https://www.dm.de/pflege-und-parfum/gesichtspflege/serum-und-kur","","Gesichtsserum Niacinamide, 25 ml","13,95 €","Marke: colibri SKINCARE; Produktname: Gesichtsserum Niacinamide, 25 ml; Preis: 13,95 €; Grundpreis: 0,025 l (558,00 € je 1 l); Limitierte Editition Grafik; Verfügbarkeit: Status rot Nicht lieferbar, Status grau dm-Markt wählen","0,025 l (558,00 € je 1 l)","colibri SKINCARE","(8)","Nicht lieferbar","dm-Markt wählen","","https://products.dm-static.com/images/f_auto,q_auto,c_fit,h_320,w_320/v1777328805/assets/pas/images/744c86d2-0491-4829-8eda-d627a0254a35/colibri-skincare-gesichtsserum-niacinamide","https://products.dm-static.com/images/f_auto,q_auto,c_fit,w_150/v1782815005/assets/mp/highlight-graphics/media_highlight_graphic_promotion_de_de/media_highlight_graphic_promotion_de_de","","https://assets.dm.de/om/review-ui/assets/stars/StarFilled2026.svg","https://assets.dm.de/om/review-ui/assets/stars/StarFilled2026.svg","https://assets.dm.de/om/review-ui/assets/stars/StarFilled2026.svg",""
"1786131472-145","https://www.dm.de/pflege-und-parfum/gesichtspflege/serum-und-kur","","Gesichtsserum Booster Hyaluron, 25 ml","14,95 €","Marke: colibri SKINCARE; Produktname: Gesichtsserum Booster Hyaluron, 25 ml; Preis: 14,95 €; Grundpreis: 0,025 l (598,00 € je 1 l); Limitierte Editition Grafik; Verfügbarkeit: Status rot Nicht lieferbar, Status grau dm-Markt wählen","0,025 l (598,00 € je 1 l)","colibri SKINCARE","(2)","Nicht lieferbar","dm-Markt wählen","","https://products.dm-static.com/images/f_auto,q_auto,c_fit,h_320,w_320/v1777329087/assets/pas/images/ac1c7a3c-37cf-4936-9894-10b198cc0613/colibri-skincare-gesichtsserum-booster-hyaluron","https://products.dm-static.com/images/f_auto,q_auto,c_fit,w_150/v1782815005/assets/mp/highlight-graphics/media_highlight_graphic_promotion_de_de/media_highlight_graphic_promotion_de_de","","https://assets.dm.de/om/review-ui/assets/stars/StarFilled2026.svg","https://assets.dm.de/om/review-ui/assets/stars/StarFilled2026.svg","https://assets.dm.de/om/review-ui/assets/stars/StarFilled2026.svg",""
"1786131472-146","https://www.dm.de/pflege-und-parfum/gesichtspflege/serum-und-kur","","Q10 Anti-Falten Serum Dual Active, 30 ml","17,95 €","Marke: NIVEA; Produktname: Q10 Anti-Falten Serum Dual Active, 30 ml; Preis: 17,95 €; Grundpreis: 0,03 l (598,33 € je 1 l); Verfügbarkeit: Status rot Nicht lieferbar, Status grau dm-Markt wählen","0,03 l (598,33 € je 1 l)","NIVEA","(494)","Nicht lieferbar","dm-Markt wählen","Hinweise","https://products.dm-static.com/images/f_auto,q_auto,c_fit,h_320,w_320/v1761308704/assets/pas/images/a77545cb-9174-48c5-bb51-25be682c136a/nivea-q10-anti-falten-serum-dual-active","","","https://assets.dm.de/om/review-ui/assets/stars/StarFilled2026.svg","https://assets.dm.de/om/review-ui/assets/stars/StarFilled2026.svg","https://assets.dm.de/om/review-ui/assets/stars/StarFilled2026.svg",""
"1786131472-147","https://www.dm.de/pflege-und-parfum/gesichtspflege/serum-und-kur","","Gesichtsserum Booster Vitamin C 15, 20 ml","14,95 €","Marke: colibri SKINCARE; Produktname: Gesichtsserum Booster Vitamin C 15, 20 ml; Preis: 14,95 €; Grundpreis: 0,02 l (747,50 € je 1 l); Limitierte Editition Grafik; Verfügbarkeit: Status rot Nicht lieferbar, Status grau dm-Markt wählen","0,02 l (747,50 € je 1 l)","colibri SKINCARE","(2)","Nicht lieferbar","dm-Markt wählen","","https://products.dm-static.com/images/f_auto,q_auto,c_fit,h_320,w_320/v1777330630/assets/pas/images/00feeeb3-9242-4205-aa21-d5ba7c864fc2/colibri-skincare-gesichtsserum-booster-vitamin-c-15","https://products.dm-static.com/images/f_auto,q_auto,c_fit,w_150/v1782815005/assets/mp/highlight-graphics/media_highlight_graphic_promotion_de_de/media_highlight_graphic_promotion_de_de","","https://assets.dm.de/om/review-ui/assets/stars/StarFilled2026.svg","https://assets.dm.de/om/review-ui/assets/stars/StarFilled2026.svg","https://assets.dm.de/om/review-ui/assets/stars/StarFilled2026.svg",""
"1786131472-148","https://www.dm.de/pflege-und-parfum/gesichtspflege/serum-und-kur","","Gesichtsserum Retinol, 20 ml","15,95 €","Marke: colibri SKINCARE; Produktname: Gesichtsserum Retinol, 20 ml; Preis: 15,95 €; Grundpreis: 0,02 l (797,50 € je 1 l); Limitierte Editition Grafik; Verfügbarkeit: Status rot Nicht lieferbar, Status grau dm-Markt wählen","0,02 l (797,50 € je 1 l)","colibri SKINCARE","(1)","Nicht lieferbar","dm-Markt wählen","Hinweise","https://products.dm-static.com/images/f_auto,q_auto,c_fit,h_320,w_320/v1777331622/assets/pas/images/ae578c3c-f7a9-4ab4-916f-c6925bf7e493/colibri-skincare-gesichtsserum-retinol","https://products.dm-static.com/images/f_auto,q_auto,c_fit,w_150/v1782815005/assets/mp/highlight-graphics/media_highlight_graphic_promotion_de_de/media_highlight_graphic_promotion_de_de","","https://assets.dm.de/om/review-ui/assets/stars/StarFilled2026.svg","https://assets.dm.de/om/review-ui/assets/stars/StarFilled2026.svg","https://assets.dm.de/om/review-ui/assets/stars/StarFilled2026.svg",""
"1786131472-149","https://www.dm.de/pflege-und-parfum/gesichtspflege/serum-und-kur","","Kollagen Aktiv XXL Ampulle, 30 ml","16,95 €","Marke: judith williams COSMETICS; Produktname: Kollagen Aktiv XXL Ampulle, 30 ml; Preis: 16,95 €; Grundpreis: 0,03 l (565,00 € je 1 l); Verfügbarkeit: Status rot Nicht lieferbar, Status grau dm-Markt wählen","0,03 l (565,00 € je 1 l)","judith williams COSMETICS","(154)","Nicht lieferbar","dm-Markt wählen","","https://products.dm-static.com/images/f_auto,q_auto,c_fit,h_320,w_320/v1754949651/assets/pas/images/ab8c0926-eb91-489b-9396-4fb2fd19f60c/judith-williams-cosmetics-kollagen-aktiv-xxl-ampulle","","","https://assets.dm.de/om/review-ui/assets/stars/StarFilled2026.svg","https://assets.dm.de/om/review-ui/assets/stars/StarFilled2026.svg","https://assets.dm.de/om/review-ui/assets/stars/StarFilled2026.svg",""
"1786131472-150","https://www.dm.de/pflege-und-parfum/gesichtspflege/serum-und-kur","","Serum Botanical Lifting Effect, 30 ml","39,85 €","Marke: Rosental Organics; Produktname: Serum Botanical Lifting Effect, 30 ml; Preis: 39,85 €; Grundpreis: 0,03 l (1.328,33 € je 1 l); Verfügbarkeit: Status rot Nicht lieferbar, Status grau dm-Markt wählen","0,03 l (1.328,33 € je 1 l)","Rosental Organics","(26)","Nicht lieferbar","dm-Markt wählen","Hinweise","https://products.dm-static.com/images/f_auto,q_auto,c_fit,h_320,w_320/v1747493276/assets/pas/images/68d8e4bd-67a9-42f9-90fe-9ccc377b550a/rosental-organics-serum-botanical-lifting-effect","","https://assets.dm.de/om/review-ui/assets/stars/StarEmpty2026.svg","https://assets.dm.de/om/review-ui/assets/stars/StarFilled2026.svg","https://assets.dm.de/om/review-ui/assets/stars/StarFilled2026.svg","https://assets.dm.de/om/review-ui/assets/stars/StarFilled2026.svg",""
"1786131472-151","https://www.dm.de/pflege-und-parfum/gesichtspflege/serum-und-kur","","Serum Intensiv Cellular Luminous 630 Anti..., 30 ml","28,45 €","Marke: NIVEA; Produktname: Serum Intensiv Cellular Luminous 630 Anti Pigmentflecken, 30 ml; Preis: 28,45 €; Grundpreis: 0,03 l (948,33 € je 1 l); Verfügbarkeit: Status rot Nicht lieferbar, Status grau dm-Markt wählen","0,03 l (948,33 € je 1 l)","NIVEA","(3379)","Nicht lieferbar","dm-Markt wählen","Hinweise","https://products.dm-static.com/images/f_auto,q_auto,c_fit,h_320,w_320/v1764971841/assets/pas/images/e43f7fd0-16b8-464e-b3f5-247dd6dcfa5c/nivea-serum-intensiv-cellular-luminous-630-anti-pigmentflecken","","","https://assets.dm.de/om/review-ui/assets/stars/StarFilled2026.svg","https://assets.dm.de/om/review-ui/assets/stars/StarFilled2026.svg","https://assets.dm.de/om/review-ui/assets/stars/StarFilled2026.svg",""
"1786131472-152","https://www.dm.de/pflege-und-parfum/gesichtspflege/serum-und-kur","","Serum Hydro Boost 10% Niacinamide, 30 ml","12,75 €","Marke: Neutrogena; Produktname: Serum Hydro Boost 10% Niacinamide, 30 ml; Preis: 12,75 €; Grundpreis: 0,03 l (425,00 € je 1 l); Verfügbarkeit: Status rot Nicht lieferbar, Status grau dm-Markt wählen","0,03 l (425,00 € je 1 l)","Neutrogena","(194)","Nicht lieferbar","dm-Markt wählen","Hinweise","https://products.dm-static.com/images/f_auto,q_auto,c_fit,h_320,w_320/v1747412490/assets/pas/images/4df421de-db4e-4ea0-a679-ff7fde617b30/neutrogena-serum-hydro-boost-10-prozent-niacinamide","","","https://assets.dm.de/om/review-ui/assets/stars/StarFilled2026.svg","https://assets.dm.de/om/review-ui/assets/stars/StarFilled2026.svg","https://assets.dm.de/om/review-ui/assets/stars/StarFilled2026.svg",""
"1786131472-153","https://www.dm.de/pflege-und-parfum/gesichtspflege/serum-und-kur","","Serum Hyaluron Aktiv, 30 ml","13,95 €","Marke: judith williams COSMETICS; Produktname: Serum Hyaluron Aktiv, 30 ml; Preis: 13,95 €; Grundpreis: 0,03 l (465,00 € je 1 l); Verfügbarkeit: Status rot Nicht lieferbar, Status grau dm-Markt wählen","0,03 l (465,00 € je 1 l)","judith williams COSMETICS","(69)","Nicht lieferbar","dm-Markt wählen","","https://products.dm-static.com/images/f_auto,q_auto,c_fit,h_320,w_320/v1753401270/assets/pas/images/cfbead2b-ffaa-4336-a1e8-4890e5223665/judith-williams-cosmetics-serum-hyaluron-aktiv","","","https://assets.dm.de/om/review-ui/assets/stars/StarFilled2026.svg","https://assets.dm.de/om/review-ui/assets/stars/StarFilled2026.svg","https://assets.dm.de/om/review-ui/assets/stars/StarFilled2026.svg",""
"1786131472-154","https://www.dm.de/pflege-und-parfum/gesichtspflege/serum-und-kur","","Anti Age Serum Cellular Luminous 630 Anti..., 30 ml","28,95 €","Marke: NIVEA; Produktname: Anti Age Serum Cellular Luminous 630 Anti Pigmentflecken, 30 ml; Preis: 28,95 €; Grundpreis: 0,03 l (965,00 € je 1 l); Verfügbarkeit: Status rot Nicht lieferbar, Status grau dm-Markt wählen","0,03 l (965,00 € je 1 l)","NIVEA","(723)","Nicht lieferbar","dm-Markt wählen","Hinweise","https://products.dm-static.com/images/f_auto,q_auto,c_fit,h_320,w_320/v1754956155/assets/pas/images/5f319578-8d61-4099-9c99-23d857911330/nivea-anti-age-serum-cellular-luminous-630-anti-pigmentflecken","","","https://assets.dm.de/om/review-ui/assets/stars/StarFilled2026.svg","https://assets.dm.de/om/review-ui/assets/stars/StarFilled2026.svg","https://assets.dm.de/om/review-ui/assets/stars/StarFilled2026.svg",""
"1786131472-155","https://www.dm.de/pflege-und-parfum/gesichtspflege/serum-und-kur","","Serum Hyaluron Aloe Hydra Booster, 30 ml","9,95 €","Marke: Garnier Skin Active; Produktname: Serum Hyaluron Aloe Hydra Booster, 30 ml; Preis: 9,95 €; Grundpreis: 0,03 l (331,67 € je 1 l); Verfügbarkeit: Status rot Nicht lieferbar, Status grau dm-Markt wählen","0,03 l (331,67 € je 1 l)","Garnier Skin Active","(386)","Nicht lieferbar","dm-Markt wählen","Hinweise","https://products.dm-static.com/images/f_auto,q_auto,c_fit,h_320,w_320/v1757547823/assets/pas/images/20f84fea-cccb-40a0-b00c-b9f84894e39b/garnier-skin-active-serum-hyaluron-aloe-hydra-booster","","","https://assets.dm.de/om/review-ui/assets/stars/StarFilled2026.svg","https://assets.dm.de/om/review-ui/assets/stars/StarFilled2026.svg","https://assets.dm.de/om/review-ui/assets/stars/StarFilled2026.svg",""
"1786131472-156","https://www.dm.de/pflege-und-parfum/gesichtspflege/serum-und-kur","","Feuchtigkeitselixier ultra sensitive, 20 ml","1,95 €","Marke: Balea med; Produktname: Feuchtigkeitselixier ultra sensitive, 20 ml; Preis: 1,95 €; Grundpreis: 0,02 l (97,50 € je 1 l); Limitierte Editition Grafik, Marke von dm Grafik; Verfügbarkeit: Status rot Nicht lieferbar, Status grau dm-Markt wählen","0,02 l (97,50 € je 1 l)","Balea med","(64)","Nicht lieferbar","dm-Markt wählen","","https://products.dm-static.com/images/f_auto,q_auto,c_fit,h_320,w_320/v1774657193/assets/pas/images/1c55dffa-f5bc-4174-aa88-3d5320cca878/balea-med-feuchtigkeitselixier-ultra-sensitive","https://products.dm-static.com/images/f_auto,q_auto,c_fit,w_150/v1782815005/assets/mp/highlight-graphics/media_highlight_graphic_promotion_de_de/media_highlight_graphic_promotion_de_de","","https://assets.dm.de/om/review-ui/assets/stars/StarFilled2026.svg","https://products.dm-static.com/images/f_auto,q_auto,c_fit,w_150/v1782977607/assets/mp/highlight-graphics/media_highlight_graphic_dm_brand_de_de/media_highlight_graphic_dm_brand_de_de","https://assets.dm.de/om/review-ui/assets/stars/StarFilled2026.svg",""
"1786131472-157","https://www.dm.de/pflege-und-parfum/gesichtspflege/serum-und-kur","","Gesichtsserum C U Glowing, 30 ml","9,95 €","Marke: Santé naturally.; Produktname: Gesichtsserum C U Glowing, 30 ml; Preis: 9,95 €; Grundpreis: 0,03 l (331,67 € je 1 l); Verfügbarkeit: Status rot Nicht lieferbar, Status grau dm-Markt wählen","0,03 l (331,67 € je 1 l)","Santé naturally.","(77)","Nicht lieferbar","dm-Markt wählen","","https://products.dm-static.com/images/f_auto,q_auto,c_fit,h_320,w_320/v1770110466/assets/pas/images/3dd11a0c-fe67-43c3-af41-911d67c1644e/sante-naturally-gesichtsserum-c-u-glowing","","","https://assets.dm.de/om/review-ui/assets/stars/StarFilled2026.svg","https://assets.dm.de/om/review-ui/assets/stars/StarFilled2026.svg","https://assets.dm.de/om/review-ui/assets/stars/StarFilled2026.svg",""
"1786131472-158","https://www.dm.de/pflege-und-parfum/gesichtspflege/serum-und-kur","","Gesichtsserum Just Dew IT Hydration, 30 ml","9,95 €","Marke: Santé naturally.; Produktname: Gesichtsserum Just Dew IT Hydration, 30 ml; Preis: 9,95 €; Grundpreis: 0,03 l (331,67 € je 1 l); Verfügbarkeit: Status rot Nicht lieferbar, Status grau dm-Markt wählen","0,03 l (331,67 € je 1 l)","Santé naturally.","(30)","Nicht lieferbar","dm-Markt wählen","","https://products.dm-static.com/images/f_auto,q_auto,c_fit,h_320,w_320/v1770110607/assets/pas/images/95aa2401-5be6-4d8d-9240-72c57fdd4067/sante-naturally-gesichtsserum-just-dew-it-hydration","","","https://assets.dm.de/om/review-ui/assets/stars/StarFilled2026.svg","https://assets.dm.de/om/review-ui/assets/stars/StarFilled2026.svg","https://assets.dm.de/om/review-ui/assets/stars/StarFilled2026.svg",""
"1786131472-159","https://www.dm.de/pflege-und-parfum/gesichtspflege/serum-und-kur","","Serum Pure Beauty, 30 ml","9,95 €","Marke: lavera NATURKOSMETIK; Produktname: Serum Pure Beauty, 30 ml; Preis: 9,95 €; Grundpreis: 0,03 l (331,67 € je 1 l); Verfügbarkeit: Status rot Nicht lieferbar, Status grau dm-Markt wählen","0,03 l (331,67 € je 1 l)","lavera NATURKOSMETIK","(21)","Nicht lieferbar","dm-Markt wählen","","https://products.dm-static.com/images/f_auto,q_auto,c_fit,h_320,w_320/v1747443311/assets/pas/images/9c7cd00e-e554-44f3-8dbe-a9a6307eec19/lavera-naturkosmetik-serum-pure-beauty","","","https://assets.dm.de/om/review-ui/assets/stars/StarFilled2026.svg","https://assets.dm.de/om/review-ui/assets/stars/StarFilled2026.svg","https://assets.dm.de/om/review-ui/assets/stars/StarFilled2026.svg",""
"1786131472-160","https://www.dm.de/pflege-und-parfum/gesichtspflege/serum-und-kur","","Serum Salicylic, 30 ml","9,95 €","Marke: GARNIER; Produktname: Serum Salicylic, 30 ml; Preis: 9,95 €; Grundpreis: 0,03 l (331,67 € je 1 l); Verfügbarkeit: Status rot Nicht lieferbar, Status grau dm-Markt wählen","0,03 l (331,67 € je 1 l)","GARNIER","(177)","Nicht lieferbar","dm-Markt wählen","Hinweise","https://products.dm-static.com/images/f_auto,q_auto,c_fit,h_320,w_320/v1768226693/assets/pas/images/d8e5dc71-7fe2-4004-9380-bb4645ec5dbf/garnier-serum-salicylic","","","https://assets.dm.de/om/review-ui/assets/stars/StarFilled2026.svg","https://assets.dm.de/om/review-ui/assets/stars/StarFilled2026.svg","https://assets.dm.de/om/review-ui/assets/stars/StarFilled2026.svg",""
"1786131472-161","https://www.dm.de/pflege-und-parfum/gesichtspflege/serum-und-kur","","Anti Age Serum Cellular Expert Filer, 40 ml","18,45 €","Marke: NIVEA; Produktname: Anti Age Serum Cellular Expert Filer, 40 ml; Preis: 18,45 €; Grundpreis: 0,04 l (461,25 € je 1 l); Verfügbarkeit: Status rot Nicht lieferbar, Status grau dm-Markt wählen","0,04 l (461,25 € je 1 l)","NIVEA","(212)","Nicht lieferbar","dm-Markt wählen","","https://products.dm-static.com/images/f_auto,q_auto,c_fit,h_320,w_320/v1747432878/assets/pas/images/2b22a4b7-ae6d-4272-b49f-978d31317f12/nivea-anti-age-serum-cellular-expert-filer","","","https://assets.dm.de/om/review-ui/assets/stars/StarFilled2026.svg","https://assets.dm.de/om/review-ui/assets/stars/StarFilled2026.svg","https://assets.dm.de/om/review-ui/assets/stars/StarFilled2026.svg",""
"1786131472-162","https://www.dm.de/pflege-und-parfum/gesichtspflege/serum-und-kur","","Gesichtsserum NAD+ Boost Longevity, 30 ml","9,95 €","Marke: Santé naturally.; Produktname: Gesichtsserum NAD+ Boost Longevity, 30 ml; Preis: 9,95 €; Grundpreis: 0,03 l (331,67 € je 1 l); Verfügbarkeit: Status rot Nicht lieferbar, Status grau dm-Markt wählen","0,03 l (331,67 € je 1 l)","Santé naturally.","(68)","Nicht lieferbar","dm-Markt wählen","","https://products.dm-static.com/images/f_auto,q_auto,c_fit,h_320,w_320/v1770110552/assets/pas/images/8fdbdc05-5062-4c61-9b5b-905ff50b5fe2/sante-naturally-gesichtsserum-nad-boost-longevity","","","https://assets.dm.de/om/review-ui/assets/stars/StarFilled2026.svg","https://assets.dm.de/om/review-ui/assets/stars/StarFilled2026.svg","https://assets.dm.de/om/review-ui/assets/stars/StarFilled2026.svg",""
"1786131472-163","https://www.dm.de/pflege-und-parfum/gesichtspflege/serum-und-kur","","Serum Anti-Unreinheiten AHA + BHA Kohle, 30 ml","9,95 €","Marke: Garnier Skin Active; Produktname: Serum Anti-Unreinheiten AHA + BHA Kohle, 30 ml; Preis: 9,95 €; Grundpreis: 0,03 l (331,67 € je 1 l); Verfügbarkeit: Status rot Nicht lieferbar, Status grau dm-Markt wählen","0,03 l (331,67 € je 1 l)","Garnier Skin Active","(416)","Nicht lieferbar","dm-Markt wählen","Hinweise","https://products.dm-static.com/images/f_auto,q_auto,c_fit,h_320,w_320/v1757633616/assets/pas/images/d2c6a695-9180-46f7-a88d-19080725501f/garnier-skin-active-serum-anti-unreinheiten-aha-bha-kohle","","","https://assets.dm.de/om/review-ui/assets/stars/StarFilled2026.svg","https://assets.dm.de/om/review-ui/assets/stars/StarFilled2026.svg","https://assets.dm.de/om/review-ui/assets/stars/StarFilled2026.svg",""
"1786131472-164","https://www.dm.de/pflege-und-parfum/gesichtspflege/serum-und-kur","","Serum Luminous Skin Glow, 15 ml","9,95 €","Marke: NIVEA; Produktname: Serum Luminous Skin Glow, 15 ml; Preis: 9,95 €; Grundpreis: 0,015 l (663,33 € je 1 l); Verfügbarkeit: Status rot Nicht lieferbar, Status grau dm-Markt wählen","0,015 l (663,33 € je 1 l)","NIVEA","(168)","Nicht lieferbar","dm-Markt wählen","Hinweise","https://products.dm-static.com/images/f_auto,q_auto,c_fit,h_320,w_320/v1778190619/assets/pas/images/0f482e87-dc81-400d-a2bf-000bc02a6be6/nivea-serum-luminous-skin-glow","","","https://assets.dm.de/om/review-ui/assets/stars/StarFilled2026.svg","https://assets.dm.de/om/review-ui/assets/stars/StarFilled2026.svg","https://assets.dm.de/om/review-ui/assets/stars/StarFilled2026.svg",""
"1786131472-165","https://www.dm.de/pflege-und-parfum/gesichtspflege/serum-und-kur","","Serum Hydrating Booster, 30 ml","7,95 €","Marke: Jean&Len; Produktname: Serum Hydrating Booster, 30 ml; Preis: 7,95 €; Grundpreis: 0,03 l (265,00 € je 1 l); Verfügbarkeit: Status rot Nicht lieferbar, Status grau dm-Markt wählen","0,03 l (265,00 € je 1 l)","Jean&Len","(19)","Nicht lieferbar","dm-Markt wählen","","https://products.dm-static.com/images/f_auto,q_auto,c_fit,h_320,w_320/v1747495469/assets/pas/images/2fcaf51c-a627-476b-b6e7-c62f7ff9a56a/jean-und-len-serum-hydrating-booster","","","https://assets.dm.de/om/review-ui/assets/stars/StarFilled2026.svg","https://assets.dm.de/om/review-ui/assets/stars/StarFilled2026.svg","https://assets.dm.de/om/review-ui/assets/stars/StarFilled2026.svg",""
"1786131472-166","https://www.dm.de/pflege-und-parfum/gesichtspflege/serum-und-kur","","Gesichtsserum Firming Retinal, 30 ml","16,95 €","Marke: hej ORGANIC; Produktname: Gesichtsserum Firming Retinal, 30 ml; Preis: 16,95 €; Grundpreis: 0,03 l (565,00 € je 1 l); Verfügbarkeit: Status rot Nicht lieferbar, Status grau dm-Markt wählen","0,03 l (565,00 € je 1 l)","hej ORGANIC","(6)","Nicht lieferbar","dm-Markt wählen","","https://products.dm-static.com/images/f_auto,q_auto,c_fit,h_320,w_320/v1764981267/assets/pas/images/5c226032-5529-4e0c-ae07-03c0530d31b1/hej-organic-gesichtsserum-firming-retinal","","","https://assets.dm.de/om/review-ui/assets/stars/StarFilled2026.svg","https://assets.dm.de/om/review-ui/assets/stars/StarFilled2026.svg","https://assets.dm.de/om/review-ui/assets/stars/StarFilled2026.svg",""
"1786131472-167","https://www.dm.de/pflege-und-parfum/gesichtspflege/serum-und-kur","","Ampullen Lift+, 7 St","2,95 €","Marke: Diadermine; Produktname: Ampullen Lift+, 7 St; Preis: 2,95 €; Grundpreis: 0,028 l (105,36 € je 1 l); Verfügbarkeit: Status rot Nicht lieferbar, Status grau dm-Markt wählen","0,028 l (105,36 € je 1 l)","Diadermine","(58)","Nicht lieferbar","dm-Markt wählen","","https://products.dm-static.com/images/f_auto,q_auto,c_fit,h_320,w_320/v1747440453/assets/pas/images/e7883644-ca7c-45e1-a52a-67502d0ed84a/diadermine-ampullen-lift","","","https://assets.dm.de/om/review-ui/assets/stars/StarFilled2026.svg","https://assets.dm.de/om/review-ui/assets/stars/StarFilled2026.svg","https://assets.dm.de/om/review-ui/assets/stars/StarFilled2026.svg",""
"1786131472-168","https://www.dm.de/pflege-und-parfum/gesichtspflege/serum-und-kur","","Duo Serum Mini, 15 ml","14,95 €","Marke: L'ORÉAL PARiS; Produktname: Duo Serum Mini, 15 ml; Preis: 14,95 €; Grundpreis: 0,015 l (996,67 € je 1 l); Verfügbarkeit: Status rot Nicht lieferbar, Status grau dm-Markt wählen","0,015 l (996,67 € je 1 l)","L'ORÉAL PARiS","(7)","Nicht lieferbar","dm-Markt wählen","Hinweise","https://products.dm-static.com/images/f_auto,q_auto,c_fit,h_320,w_320/v1768228044/assets/pas/images/b627eff3-50fd-4fce-a4d9-93f2d18dcb9b/l-oreal-paris-duo-serum-mini","","","https://assets.dm.de/om/review-ui/assets/stars/StarFilled2026.svg","https://assets.dm.de/om/review-ui/assets/stars/StarFilled2026.svg","https://assets.dm.de/om/review-ui/assets/stars/StarFilled2026.svg",""
"1786131472-169","https://www.dm.de/pflege-und-parfum/gesichtspflege/serum-und-kur","","Serum Renewing Booster, 30 ml","9,95 €","Marke: Jean&Len; Produktname: Serum Renewing Booster, 30 ml; Preis: 9,95 €; Grundpreis: 0,03 l (331,67 € je 1 l); Verfügbarkeit: Status rot Nicht lieferbar, Status grau dm-Markt wählen","0,03 l (331,67 € je 1 l)","Jean&Len","(25)","Nicht lieferbar","dm-Markt wählen","","https://products.dm-static.com/images/f_auto,q_auto,c_fit,h_320,w_320/v1747495560/assets/pas/images/d3b95f19-f28d-4691-907c-8b75b3d180bf/jean-und-len-serum-renewing-booster","","","https://assets.dm.de/om/review-ui/assets/stars/StarFilled2026.svg","https://assets.dm.de/om/review-ui/assets/stars/StarFilled2026.svg","https://assets.dm.de/om/review-ui/assets/stars/StarFilled2026.svg",""
"1786131472-170","https://www.dm.de/pflege-und-parfum/gesichtspflege/serum-und-kur","","Gesichtserum Hydra Rose, 30 ml","","Marke: judith williams COSMETICS; Produktname: Gesichtserum Hydra Rose, 30 ml; Preis: 9,45 €; Grundpreis: 0,03 l (315,00 € je 1 l); Ausverkauf Grafik; Verfügbarkeit: Status rot Nicht lieferbar, Status grau dm-Markt wählen","0,03 l (315,00 € je 1 l)","judith williams COSMETICS","(26)","Nicht lieferbar","dm-Markt wählen","","https://products.dm-static.com/images/f_auto,q_auto,c_fit,h_320,w_320/v1772240990/assets/pas/images/faa14284-7cb0-4094-a7ab-29b7476260a5/judith-williams-cosmetics-gesichtserum-hydra-rose","https://products.dm-static.com/images/f_auto,q_auto,c_fit,w_150/v1782815050/assets/mp/highlight-graphics/media_highlight_graphic_sale_de_de/media_highlight_graphic_sale_de_de","","https://assets.dm.de/om/review-ui/assets/stars/StarFilled2026.svg","https://assets.dm.de/om/review-ui/assets/stars/StarFilled2026.svg","https://assets.dm.de/om/review-ui/assets/stars/StarFilled2026.svg",""
"1786131472-171","https://www.dm.de/pflege-und-parfum/gesichtspflege/serum-und-kur","","Serum - Primer HELLO, GOOD STUFF! GLOW, 30 ml","4,95 €","Marke: essence; Produktname: Serum - Primer HELLO, GOOD STUFF! GLOW, 30 ml; Preis: 4,95 €; Grundpreis: 0,03 l (165,00 € je 1 l); Verfügbarkeit: Status rot Nicht lieferbar, Status grau dm-Markt wählen","0,03 l (165,00 € je 1 l)","essence","(69)","Nicht lieferbar","dm-Markt wählen","","https://products.dm-static.com/images/f_auto,q_auto,c_fit,h_320,w_320/v1747461285/assets/pas/images/9734b6b5-852f-4440-b10e-92b992040e07/essence-serum-primer-hello-good-stuff-glow","","","https://assets.dm.de/om/review-ui/assets/stars/StarFilled2026.svg","https://assets.dm.de/om/review-ui/assets/stars/StarFilled2026.svg","https://assets.dm.de/om/review-ui/assets/stars/StarFilled2026.svg",""
"1786131472-172","https://www.dm.de/pflege-und-parfum/gesichtspflege/serum-und-kur","","Age Perfect Mikro-Kollagen Serum, 30 ml","13,95 €","Marke: L'ORÉAL PARiS; Produktname: Age Perfect Mikro-Kollagen Serum, 30 ml; Preis: 13,95 €; Grundpreis: 0,03 l (465,00 € je 1 l); Verfügbarkeit: Status rot Nicht lieferbar, Status grau dm-Markt wählen","0,03 l (465,00 € je 1 l)","L'ORÉAL PARiS","(17)","Nicht lieferbar","dm-Markt wählen","Hinweise","https://products.dm-static.com/images/f_auto,q_auto,c_fit,h_320,w_320/v1768307124/assets/pas/images/7ecac30a-25b3-4bdd-af10-d04ce9b6b7b6/l-oreal-paris-age-perfect-mikro-kollagen-serum","","","https://assets.dm.de/om/review-ui/assets/stars/StarFilled2026.svg","https://assets.dm.de/om/review-ui/assets/stars/StarFilled2026.svg","https://assets.dm.de/om/review-ui/assets/stars/StarFilled2026.svg",""
"1786131472-173","https://www.dm.de/pflege-und-parfum/gesichtspflege/serum-und-kur","","Serum Anti-Age Lift+ Glow, 30 ml","6,95 €","Marke: Diadermine; Produktname: Serum Anti-Age Lift+ Glow, 30 ml; Preis: 6,95 €; Grundpreis: 0,03 l (231,67 € je 1 l); Verfügbarkeit: Status rot Nicht lieferbar, Status grau dm-Markt wählen","0,03 l (231,67 € je 1 l)","Diadermine","(59)","Nicht lieferbar","dm-Markt wählen","","https://products.dm-static.com/images/f_auto,q_auto,c_fit,h_320,w_320/v1747441193/assets/pas/images/736e748d-d918-464f-9781-d31161fcaa0b/diadermine-serum-anti-age-lift-glow","","","https://assets.dm.de/om/review-ui/assets/stars/StarFilled2026.svg","https://assets.dm.de/om/review-ui/assets/stars/StarFilled2026.svg","https://assets.dm.de/om/review-ui/assets/stars/StarFilled2026.svg",""
"1786131472-174","https://www.dm.de/pflege-und-parfum/gesichtspflege/serum-und-kur","","Gesichtsserum Hello, good stuff! Primer, 30 ml","4,95 €","Marke: essence; Produktname: Gesichtsserum Hello, good stuff! Primer, 30 ml; Preis: 4,95 €; Grundpreis: 0,03 l (165,00 € je 1 l); Verfügbarkeit: Status rot Nicht lieferbar, Status grau dm-Markt wählen","0,03 l (165,00 € je 1 l)","essence","(64)","Nicht lieferbar","dm-Markt wählen","","https://products.dm-static.com/images/f_auto,q_auto,c_fit,h_320,w_320/v1747459904/assets/pas/images/24b116bc-16ec-4166-bf23-6c49e9d723d2/essence-gesichtsserum-hello-good-stuff-primer","","","https://assets.dm.de/om/review-ui/assets/stars/StarFilled2026.svg","https://assets.dm.de/om/review-ui/assets/stars/StarFilled2026.svg","https://assets.dm.de/om/review-ui/assets/stars/StarFilled2026.svg",""
"1786131472-175","https://www.dm.de/pflege-und-parfum/gesichtspflege/serum-und-kur","","Gesichtsspray Dive In Glow Mist erfrischend, 50 ml","13,95 €","Marke: Torriden; Produktname: Gesichtsspray Dive In Glow Mist erfrischend, 50 ml; Preis: 13,95 €; Grundpreis: 0,05 l (279,00 € je 1 l); Limitierte Editition Grafik; Verfügbarkeit: Status rot Nicht lieferbar, Status grau dm-Markt wählen","0,05 l (279,00 € je 1 l)","Torriden","(1)","Nicht lieferbar","dm-Markt wählen","","https://products.dm-static.com/images/f_auto,q_auto,c_fit,h_320,w_320/v1779375922/assets/pas/images/1acfbc1b-1e46-4dde-b39c-a9a59814a02d/torriden-gesichtsspray-dive-in-glow-mist-erfrischend","https://products.dm-static.com/images/f_auto,q_auto,c_fit,w_150/v1782815005/assets/mp/highlight-graphics/media_highlight_graphic_promotion_de_de/media_highlight_graphic_promotion_de_de","","https://assets.dm.de/om/review-ui/assets/stars/StarFilled2026.svg","https://assets.dm.de/om/review-ui/assets/stars/StarFilled2026.svg","https://assets.dm.de/om/review-ui/assets/stars/StarFilled2026.svg",""
"1786131472-176","https://www.dm.de/pflege-und-parfum/gesichtspflege/serum-und-kur","","Serum Miracle Pure Skin-Illuminating, 30 ml","19,95 €","Marke: MAX FACTOR; Produktname: Serum Miracle Pure Skin-Illuminating, 30 ml; Preis: 19,95 €; Grundpreis: 0,03 l (665,00 € je 1 l); Verfügbarkeit: Status rot Nicht lieferbar, Status grau dm-Markt wählen","0,03 l (665,00 € je 1 l)","MAX FACTOR","(68)","Nicht lieferbar","dm-Markt wählen","","https://products.dm-static.com/images/f_auto,q_auto,c_fit,h_320,w_320/v1747424875/assets/pas/images/b918e421-5bcb-4324-955a-4cc5b6eeacef/max-factor-serum-miracle-pure-skin-illuminating","","","https://assets.dm.de/om/review-ui/assets/stars/StarFilled2026.svg","https://assets.dm.de/om/review-ui/assets/stars/StarFilled2026.svg","https://assets.dm.de/om/review-ui/assets/stars/StarFilled2026.svg",""
"1786131472-177","https://www.dm.de/pflege-und-parfum/gesichtspflege/serum-und-kur","","Serum Bright Sense Hydra Plump & Glow, 30 ml","14,95 €","Marke: INAO; Produktname: Serum Bright Sense Hydra Plump & Glow, 30 ml; Preis: 14,95 €; Grundpreis: 0,03 l (498,33 € je 1 l); Verfügbarkeit: Status rot Nicht lieferbar, Status grau dm-Markt wählen","0,03 l (498,33 € je 1 l)","INAO","(67)","Nicht lieferbar","dm-Markt wählen","Hinweise","https://products.dm-static.com/images/f_auto,q_auto,c_fit,h_320,w_320/v1747465153/assets/pas/images/3e1e8321-1f07-4a48-abf8-d471fb30eb4c/inao-serum-bright-sense-hydra-plump-und-glow","","","https://assets.dm.de/om/review-ui/assets/stars/StarFilled2026.svg","https://assets.dm.de/om/review-ui/assets/stars/StarFilled2026.svg","https://assets.dm.de/om/review-ui/assets/stars/StarFilled2026.svg",""
"1786131472-178","https://www.dm.de/pflege-und-parfum/gesichtspflege/serum-und-kur","","Gesichtsserum Perfect Skin, 30 ml","7,95 €","Marke: BE ROUTINE; Produktname: Gesichtsserum Perfect Skin, 30 ml; Preis: 7,95 €; Grundpreis: 0,03 l (265,00 € je 1 l); Limitierte Editition Grafik; Verfügbarkeit: Status rot Nicht lieferbar, Status grau dm-Markt wählen","0,03 l (265,00 € je 1 l)","BE ROUTINE","(4)","Nicht lieferbar","dm-Markt wählen","","https://products.dm-static.com/images/f_auto,q_auto,c_fit,h_320,w_320/v1769125157/assets/pas/images/690a9fee-2c4b-4beb-ac63-385eeff6a4f9/be-routine-gesichtsserum-perfect-skin","https://products.dm-static.com/images/f_auto,q_auto,c_fit,w_150/v1782815005/assets/mp/highlight-graphics/media_highlight_graphic_promotion_de_de/media_highlight_graphic_promotion_de_de","https://assets.dm.de/om/review-ui/assets/stars/StarEmpty2026.svg","https://assets.dm.de/om/review-ui/assets/stars/StarFilled2026.svg","https://assets.dm.de/om/review-ui/assets/stars/StarFilled2026.svg","https://assets.dm.de/om/review-ui/assets/stars/StarFilled2026.svg",""
"1786131472-179","https://www.dm.de/pflege-und-parfum/gesichtspflege/serum-und-kur","","Serum Slow Aging Retinal + Bio-Leinsamen, 28 ml","14,95 €","Marke: Farm Loves Face; Produktname: Serum Slow Aging Retinal + Bio-Leinsamen, 28 ml; Preis: 14,95 €; Grundpreis: 0,028 l (533,93 € je 1 l); Verfügbarkeit: Status rot Nicht lieferbar, Status grau dm-Markt wählen","0,028 l (533,93 € je 1 l)","Farm Loves Face","(21)","Nicht lieferbar","dm-Markt wählen","Hinweise","https://products.dm-static.com/images/f_auto,q_auto,c_fit,h_320,w_320/v1747491567/assets/pas/images/3ac40a08-cf5b-46ea-bd95-d57bbe91c1f2/farm-loves-face-serum-slow-aging-retinal-bio-leinsamen","","https://assets.dm.de/om/review-ui/assets/stars/StarEmpty2026.svg","https://assets.dm.de/om/review-ui/assets/stars/StarFilled2026.svg","https://assets.dm.de/om/review-ui/assets/stars/StarFilled2026.svg","https://assets.dm.de/om/review-ui/assets/stars/StarFilled2026.svg",""
